-- phpMyAdmin SQL Dump
-- version 3.4.5
-- http://www.phpmyadmin.net
--
-- Host: localhost
-- Generation Time: Dec 28, 2011 at 09:28 AM
-- Server version: 5.5.16
-- PHP Version: 5.3.8

SET SQL_MODE="NO_AUTO_VALUE_ON_ZERO";
SET time_zone = "+00:00";


/*!40101 SET @OLD_CHARACTER_SET_CLIENT=@@CHARACTER_SET_CLIENT */;
/*!40101 SET @OLD_CHARACTER_SET_RESULTS=@@CHARACTER_SET_RESULTS */;
/*!40101 SET @OLD_COLLATION_CONNECTION=@@COLLATION_CONNECTION */;
/*!40101 SET NAMES utf8 */;

--
-- Database: `akademik`
--

-- --------------------------------------------------------

--
-- Table structure for table `tblipddetail`
--

CREATE TABLE IF NOT EXISTS `tblipddetail` (
  `idipd` int(11) NOT NULL,
  `idsoal` int(11) NOT NULL,
  `pilihan` char(1) NOT NULL,
  PRIMARY KEY (`idipd`,`idsoal`)
) ENGINE=MyISAM DEFAULT CHARSET=latin1;

--
-- Dumping data for table `tblipddetail`
--

INSERT INTO `tblipddetail` (`idipd`, `idsoal`, `pilihan`) VALUES
(1, 1, 'B'),
(1, 2, 'C'),
(1, 3, 'D'),
(1, 4, 'D'),
(1, 5, 'D'),
(2, 1, 'B'),
(2, 2, 'C'),
(2, 3, 'C'),
(2, 4, 'C'),
(2, 5, 'C'),
(3, 1, 'B'),
(3, 2, 'D'),
(3, 3, 'C'),
(3, 4, 'C'),
(3, 5, 'D'),
(4, 1, 'B'),
(4, 2, 'D'),
(4, 3, 'D'),
(4, 4, 'C'),
(4, 5, 'D'),
(5, 1, 'B'),
(5, 2, 'C'),
(5, 3, 'B'),
(5, 4, 'B'),
(5, 5, 'D'),
(6, 1, 'B'),
(6, 2, 'D'),
(6, 3, 'D'),
(6, 4, 'D'),
(6, 5, 'D'),
(7, 1, 'B'),
(7, 2, 'C'),
(7, 3, 'B'),
(7, 4, 'C'),
(7, 5, 'C'),
(8, 1, 'B'),
(8, 2, 'C'),
(8, 3, 'C'),
(8, 4, 'A'),
(8, 5, 'A'),
(9, 1, 'B'),
(9, 2, 'D'),
(9, 3, 'D'),
(9, 4, 'D'),
(9, 5, 'D'),
(10, 1, 'B'),
(10, 2, 'C'),
(10, 3, 'C'),
(10, 4, 'D'),
(10, 5, 'D'),
(11, 1, 'B'),
(11, 2, 'C'),
(11, 3, 'C'),
(11, 4, 'D'),
(11, 5, 'D'),
(12, 1, 'B'),
(12, 2, 'D'),
(12, 3, 'D'),
(12, 4, 'D'),
(12, 5, 'D');

-- --------------------------------------------------------

--
-- Table structure for table `tblipdheader`
--

CREATE TABLE IF NOT EXISTS `tblipdheader` (
  `idipd` int(11) NOT NULL,
  `nidn` varchar(40) DEFAULT NULL,
  `nim` text NOT NULL,
  `dosen` varchar(100) NOT NULL,
  `kodemk` varchar(10) NOT NULL,
  `komentar` text NOT NULL,
  PRIMARY KEY (`idipd`)
) ENGINE=MyISAM DEFAULT CHARSET=latin1;

--
-- Dumping data for table `tblipdheader`
--

INSERT INTO `tblipdheader` (`idipd`, `nidn`, `nim`, `dosen`, `kodemk`, `komentar`) VALUES
(1, '0017', '934772ec3c27454bda6676521da84ef9', 'Lukman Arief M, M.Pdi', '1009102', 'naskeleng'),
(2, '0023', '934772ec3c27454bda6676521da84ef9', 'Yoyon Ari Budi ST', '1009205', 'kleng'),
(3, '0003', '934772ec3c27454bda6676521da84ef9', 'Ir. H. Moch. Najib, MM', '1009204', 'm,dsmdk'),
(4, '0005', '934772ec3c27454bda6676521da84ef9', 'H. Chairul Anam, SE', '1009206', 'skjdksj'),
(5, '0100', '934772ec3c27454bda6676521da84ef9', 'Rio Coundris, ST', '1009207', 'xmzkmd'),
(6, '0100', '934772ec3c27454bda6676521da84ef9', 'Iman Santoso, SE, MM', '1009217', ',,lzdkl'),
(7, '0100', '934772ec3c27454bda6676521da84ef9', 'Hadiq, ST', '1009304', 'mmk'),
(8, '0017', '934772ec3c27454bda6676521da84ef9', 'Lukman Arief M, M.Pdi', '1009305', 'mnm'),
(9, '0100', '934772ec3c27454bda6676521da84ef9', 'Eko Heri Susanto, S.Kom', '1009314', 'mjk'),
(10, '0100', '934772ec3c27454bda6676521da84ef9', 'Tim', '1009401', 'mnnk'),
(11, '0026', '934772ec3c27454bda6676521da84ef9', 'Mohamad Feiruz A, S.Pd', '1009502', ',m,m,'),
(12, '0017', '934772ec3c27454bda6676521da84ef9', 'Lukman Arifi Manshur, M.PdI ', '1009101', 'scdcdc');

-- --------------------------------------------------------

--
-- Table structure for table `tbljawabansoalipd`
--

CREATE TABLE IF NOT EXISTS `tbljawabansoalipd` (
  `idsoal` int(11) NOT NULL,
  `pilihan` char(1) NOT NULL,
  `jawaban` text NOT NULL,
  `point` int(3) NOT NULL,
  PRIMARY KEY (`idsoal`,`pilihan`)
) ENGINE=MyISAM DEFAULT CHARSET=latin1;

--
-- Dumping data for table `tbljawabansoalipd`
--

INSERT INTO `tbljawabansoalipd` (`idsoal`, `pilihan`, `jawaban`, `point`) VALUES
(1, 'A', 'Tidak', 1),
(1, 'B', 'Ya', 4),
(2, 'A', 'Tidak Menguasai', 1),
(2, 'B', 'Kurang Menguasai', 2),
(2, 'C', 'Cukup Menguasai', 3),
(2, 'D', 'Sangat Menguasai', 4),
(3, 'A', 'Tidak', 1),
(3, 'B', 'Kurang', 2),
(3, 'C', 'Cukup', 3),
(3, 'D', 'Sangat', 4),
(4, 'A', 'Tidak', 1),
(4, 'B', 'Kurang', 2),
(4, 'C', 'Cukup', 3),
(4, 'D', 'Sangat', 4),
(5, 'A', 'Tidak jelas', 1),
(5, 'B', 'Kurang jelas', 2),
(5, 'C', 'Cukup jelas', 3),
(5, 'D', 'Sangat jelas', 4);

-- --------------------------------------------------------

--
-- Table structure for table `tbllogin`
--

CREATE TABLE IF NOT EXISTS `tbllogin` (
  `username` varchar(100) NOT NULL,
  `psw` text NOT NULL,
  `nama` varchar(100) NOT NULL,
  `status` varchar(50) NOT NULL,
  `idlink` varchar(10) NOT NULL,
  PRIMARY KEY (`username`)
) ENGINE=MyISAM DEFAULT CHARSET=latin1;

--
-- Dumping data for table `tbllogin`
--

INSERT INTO `tbllogin` (`username`, `psw`, `nama`, `status`, `idlink`) VALUES
('1106000001', '*397994E7A1DF13EB2088F34E014F880580FDBDCE', 'Abdul Ridwan', 'Mahasiswa', '1106000001'),
('1106000002', '*1D63704910678285E8FECE35591E028354287506', 'Bayu Pandu Wibisono', 'Mahasiswa', '1106000002'),
('1106000003', '*D08D74310806FB48BBD2E455032D598A9758ABC5', 'Daniel Didiek HS', 'Mahasiswa', '1106000003'),
('1106000004', '*32B4B854FA20B0A748AA55EB7A5DB24D18A04B1C', 'Dina Ratnasari', 'Mahasiswa', '1106000004'),
('1106000005', '*933CC64F742D1C0EC1633CE581F67C5ABBA2D9EF', 'Dodiek Adianto', 'Mahasiswa', '1106000005'),
('1106000006', '*922D4155036C58CF7F2EE8798A9D0D93EB417450', 'Dwi Wahyu Dian Savitri', 'Mahasiswa', '1106000006'),
('1106000007', '*0D753B693944F5B3EF375A18530828C93CB87D4C', 'Dzaki', 'Mahasiswa', '1106000007'),
('1106000008', '*C789C9712355564D92FB2AA5CE7BC523061DE69A', 'Eko Setiyono', 'Mahasiswa', '1106000008'),
('1106000009', '*FF5C127E9B02D2575CD39A1388B7EC2565D4F735', 'Etik Kus Endang', 'Mahasiswa', '1106000009'),
('1106000010', '*CB68C033478B08F06C9E9909EF8CD4E91B667742', 'Eva Zulfiayah Manshur', 'Mahasiswa', '1106000010'),
('1106000011', '*0C6A6A7EFA8E5DCA9F43E38F628741A887604DD1', 'Hairul Waritsin', 'Mahasiswa', '1106000011'),
('1106000012', '*A94EF36B4930261566BF93E3AB8174914D95D782', 'Hari Yanto', 'Mahasiswa', '1106000012'),
('1106000013', '*DC89CA0C5B1BD7364BFF6C0FC2EBDE3109F5B804', 'Hariyanto', 'Mahasiswa', '1106000013'),
('1106000014', '*FC0303891B69BDBD74BCFD58D67666A1A3D22702', 'Haykal', 'Mahasiswa', '1106000014'),
('1106000015', '*64DD7F3744F56169173B09E5997EF138ADD53112', 'Yayuk Sri Rahayu', 'Mahasiswa', '1106000015'),
('1106000016', '*B56EC2B77E082F23D6BC6154175430B5B32E8C76', 'Istupik', 'Mahasiswa', '1106000016'),
('1106000017', '*5A6C911E7C3E55B40E6CE5C143D0E6A8D4B9B07B', 'Ivan Rachmawan', 'Mahasiswa', '1106000017'),
('1106000018', '*A518B0B90704EF4B21186287A84008F711B8146B', 'Lilik Wahyuni', 'Mahasiswa', '1106000018'),
('1106000019', '*CE0E707291F18D39445D13B4AA0BAEDE889B0470', 'Mauris Hidayatur Rochman', 'Mahasiswa', '1106000019'),
('1106000020', '*1332B5A3F88ECC57911E2974A4953E11149A4BDE', 'Purbo Cahyono', 'Mahasiswa', '1106000020'),
('1106000021', '*9A3A812680A33751D817421D89E791A8A8D12C63', 'Riza Faishol', 'Mahasiswa', '1106000021'),
('1106000022', '*64D64060C9B008F3FB6F7FAAE4892508F99976E9', 'Rizal Kurnia Vitalis', 'Mahasiswa', '1106000022'),
('1106000023', '*746EFC6739F6ADE462085EB3407881A1D5118B56', 'Rizka Taurina Rachmawati', 'Mahasiswa', '1106000023'),
('1106000024', '*B3257BE5A0712EA06E55E0260C8D658CF1F0C729', 'Sadikin', 'Mahasiswa', '1106000024'),
('1106000025', '*1AAFB62E7E65BEE7AEC842BD7323C8FF3F17AE66', 'Solehatin', 'Mahasiswa', '1106000025'),
('1106000026', '*D69D01F0F8F8E3FA6D76838EED0F119ED4216622', 'Sunarto', 'Mahasiswa', '1106000026'),
('1106000027', '*B56CD9C3989A81518ACB1135C047B729CAA390D7', 'Syaihul Bahri', 'Mahasiswa', '1106000027'),
('1106000028', '*6E2C2618EF5A5A1FA6D1E8F904D47B56A27F102D', 'Taufik Saleh', 'Mahasiswa', '1106000028'),
('1106000029', '*CF6AB4CAAEA12C398B11A54E163B1CEBE9CDFA19', 'Tri Cipto Handoko', 'Mahasiswa', '1106000029'),
('1106000030', '*C794D8CCD0DFF21B56AF159503F78CAB93588915', 'Lhody Yulianto', 'Mahasiswa', '1106000030'),
('1106000031', '*FF12F56126E7F9F4A9BBC530E96A666C7F98A209', 'Djuniharto', 'Mahasiswa', '1106000031'),
('1106000600', '*D5DD1C6A55B7A5D218E0A8880A9758179F6E0582', 'Junaidi', 'Mahasiswa', '1106000600'),
('1106100032', '*48FF3F4BF53325735D9752EF672F6E6BEB6775EB', 'Agus Sofyan Hadi', 'Mahasiswa', '1106100032'),
('1106100033', '*4F61CEB7F18FB1EBEC46F9461EFA464E7FDF8BFB', 'Ahmad Ayatulloh Isa', 'Mahasiswa', '1106100033'),
('1106100035', '*BE85EA892AE5746473B7CF2CBCE91382F1DF1AE9', 'Astantri Andyka W.', 'Mahasiswa', '1106100035'),
('1106100036', '*E3056A4534506463A00B83B9DBD8F6277F849DAF', 'Bayu Surya Novita Putra', 'Mahasiswa', '1106100036'),
('1106100037', '*3BE96DF023A59AF9EF415AE7DF97AF5B59C19A65', 'Brighta Stareast', 'Mahasiswa', '1106100037'),
('1106100038', '*E50F449B566071173FA958292512E2D2C6D14BDC', 'Camilia Siska', 'Mahasiswa', '1106100038'),
('1106100039', '*5D1FEADF922FD5CFE657D6F42FCD04EDF7B2667A', 'Chairul Anam', 'Mahasiswa', '1106100039'),
('1106100040', '*810F6384F6227ED7E4AF74EF3C2B3604480FD852', 'Chandra Siswa', 'Mahasiswa', '1106100040'),
('1106100041', '*AD7FD019140D37B51925194B3F14C1485C737755', 'Dewi Wijayanti', 'Mahasiswa', '1106100041'),
('1106100042', '*2CF651E43929606FDC397789684B55D8D588CE3F', 'Dwi Handayani', 'Mahasiswa', '1106100042'),
('1106100043', '*DA4DEBD8752C7BCB74E25A3E78AFADF349D0EC90', 'Dyah Kumala Dewi', 'Mahasiswa', '1106100043'),
('1106100044', '*E3DDDA3E79286813F4912E24469CB2BEB3E5F217', 'Erlita Novika Retnowati', 'Mahasiswa', '1106100044'),
('1106100045', '*763492E9B97B53E0FA3CACD4A610C0C98787A6EF', 'Erwin Kurniawan', 'Mahasiswa', '1106100045'),
('1106100046', '*ED48FB33E03FE4CEAD1AC5023BFF48F122741A12', 'Firda Ulfiana', 'Mahasiswa', '1106100046'),
('1106100047', '*D62996C3788F8D120D59D290E542E4590FB15B1F', 'Hari Kurniawan', 'Mahasiswa', '1106100047'),
('1106100048', '*C78796E992777F986CE961ED474C24CA28A0CEAD', 'Hary Sutanto', 'Mahasiswa', '1106100048'),
('1106100049', '*0DB4CA98ED99F7E8EEC83371F3ABC72C02193556', 'Haryono Nusaputra P.', 'Mahasiswa', '1106100049'),
('1106100050', '*FE86E175908665BE864888BE6A688A7B894D8148', 'Hidayatul Mursidi', 'Mahasiswa', '1106100050'),
('1106100051', '*979AFD7BE6276A4CE9C2F17310AFADA20B3AEB1C', 'I Wayan Arnata Yasa', 'Mahasiswa', '1106100051'),
('1106100052', '*2E5D8B37F5F9348C96A9DE0F8FA2D4C1BB41422F', 'I''in Indrawasih R.', 'Mahasiswa', '1106100052'),
('1106100053', '*E951AA917F63DD716AC885FEB84BF87F8E7E9945', 'Imam Lutfiadi', 'Mahasiswa', '1106100053'),
('1106100055', '*6E2BC29078932CF2624C116D4C192815171FB1C2', 'Imam Muslim', 'Mahasiswa', '1106100055'),
('1106100056', '*92731BEB7E3D82C2A650BADDA62D60D5A5207504', 'Indah Kusumaningtyas', 'Mahasiswa', '1106100056'),
('1106100057', '*090FB88F07039B6E665A0698E81D6C7EC40AA7A2', 'Irma Agustina Zulfa', 'Mahasiswa', '1106100057'),
('1106100058', '*EB0C95B798BFC3A82588CBB95773B33D1993AF4C', 'Istianah', 'Mahasiswa', '1106100058'),
('1106100060', '*67931F98BD409AD25A3C91A417BFE596432CDB0B', 'Maya Masita Rosalina', 'Mahasiswa', '1106100060'),
('1106100061', '*D2E2D15DDE9D4E36642802E75CAE0C7DDD1EBC50', 'Meydiarno', 'Mahasiswa', '1106100061'),
('1106100062', '*1BF0D199A6ABB4C20C00BAD41072F33415336C70', 'Misyati', 'Mahasiswa', '1106100062'),
('1106100063', '*0F5A4879B28A30DA7CB56B12A4DDAA1B1DE0EE18', 'Mohammad Afandi', 'Mahasiswa', '1106100063'),
('1106100064', '*6565FD4CF593BCE323386089C69DAC96FF276BF6', 'Mohammad Sukman Hadi', 'Mahasiswa', '1106100064'),
('1106100065', '*164C3D610A695FE6419226A87DA9F62A582B19D1', 'Muhammad Furqon', 'Mahasiswa', '1106100065'),
('1106100067', '*6FA1770BDDB75AE2F136FDAEF67D97DEB4462251', 'Novrida Mafirungkas', 'Mahasiswa', '1106100067'),
('1106100068', '*52620A86B4402A3B185917A23C1AD1F9F89FED7B', 'Nur Hadi', 'Mahasiswa', '1106100068'),
('1106100069', '*AF8B056BBAAFBE190C21EE60CCB39C8C81C145D8', 'Nuri Tristanti', 'Mahasiswa', '1106100069'),
('1106100070', '*416A0EF1B6F90227AA372823D07981B30CB34434', 'Nurul Kholilah', 'Mahasiswa', '1106100070'),
('1106100071', '*6E8C1FB990D95AA69BCF45D40F7800904DFED865', 'Putu Surya Atmaja Bukian', 'Mahasiswa', '1106100071'),
('1106100072', '*02B2B9B45F66EF885741476FE4736A1B471EB183', 'Ratih Ramanita', 'Mahasiswa', '1106100072'),
('1106100073', '*E5E9221D4DDBFB0282659EE075272CEF2E7D6D07', 'Rhandy Haris Rahmat', 'Mahasiswa', '1106100073'),
('1106100074', '*A567DCC9F44438ED51D13F5F263871737FB91131', 'Samsul Arifin', 'Mahasiswa', '1106100074'),
('1106100075', '*A9849AB3C84EB6BA7A13F9BF169B0961E5391F85', 'Sandy Pramono', 'Mahasiswa', '1106100075'),
('1106100076', '*1DC4387CAA670D4D2C195365B5495731421EE567', 'Sugiyarti', 'Mahasiswa', '1106100076'),
('1106100077', '*81D0F2722BB135A531DEA221B1331DC1B55F12D0', 'Ulva Azizah', 'Mahasiswa', '1106100077'),
('1106100078', '*40FDD917155047EC1765CEDD2744E8DBF6417A07', 'Ziaul Aulia Fauzi', 'Mahasiswa', '1106100078'),
('1106100079', '*BA52E8CEBF5096BD9272625973DDB98E4ED68976', 'Kikih Okania', 'Mahasiswa', '1106100079'),
('1106100080', '*5679E4CD7CF68279D9E18FFC6603E11ACD143756', 'Gilang Indra Purnama', 'Mahasiswa', '1106100080'),
('1106100081', '*DE528CEFDD80BE8C5370A131DDC23823A937A9AC', 'Herman Hadi', 'Mahasiswa', '1106100081'),
('1106100082', '*7E478E97CBCE0266D7B495D04085B7987FAC3580', 'Martha Dany Esa', 'Mahasiswa', '1106100082'),
('1106100083', '*98F172B9F40DB3A3AE316A9926808D8095FB85C2', 'Alfiyan Tino', 'Mahasiswa', '1106100083'),
('1107000168', '*138BA104EB56362795A3BCA82F09418FA7B22BBD', 'Khairul Fajar', 'Mahasiswa', '1107000168'),
('1107000169', '*35E617872DD694A432058F29A314558454EEFB3F', 'Yosi Septianto', 'Mahasiswa', '1107000169'),
('1107000170', '*4AA151E485968BFD0205985A228F2B366B29BB72', 'Dinal Umar', 'Mahasiswa', '1107000170'),
('1107000171', '*EA27F1B7AE0DA27A38C22929CC3DD72DB37783EF', 'Sony Panca Budiarto', 'Mahasiswa', '1107000171'),
('1107000172', '*974FBFCE74A3AFFE22E7573BFEC22FBF8161328C', 'Ida Royani', 'Mahasiswa', '1107000172'),
('1107000173', '*28ACACCBF75EAB605E4D702A59C1E2358AB60B04', 'Muhammad Masud Zain', 'Mahasiswa', '1107000173'),
('1107000174', '*5810F78EBE99770D9DF15DDEEA49A7B9412053B3', 'Imam Syafii', 'Mahasiswa', '1107000174'),
('1107000175', '*653BA50D53806C0DFA960C84D135878F5AFE9C42', 'Muhammad Sauqi', 'Mahasiswa', '1107000175'),
('1107000176', '*B7144879A196E0FE175721F57DFF56C83CC089DB', 'Achmad Islahi', 'Mahasiswa', '1107000176'),
('1107000177', '*B5954FE68E43726B11A2673C3B20978411E2195E', 'Hari Yanto', 'Mahasiswa', '1107000177'),
('1107000178', '*673E2EA2F992A800354B6E363A69EADE60DBCB12', 'Yudi Heri Yulianto', 'Mahasiswa', '1107000178'),
('1107000179', '*AD94736740B07CFA0D4C01C474FC1138333E9D9E', 'Chairul Anam', 'Mahasiswa', '1107000179'),
('1107000180', '*EBD814EA685A8F2BDEB5C5FFADCFA325F459221F', 'Dian Aries Firduasi', 'Mahasiswa', '1107000180'),
('1107000181', '*F438574E4D2217E49DF1D33B5E0338F5945A5AF7', 'Rohmat', 'Mahasiswa', '1107000181'),
('1107000182', '*03A76B2C7929B23BB0D12A80274AAD716E1F36F1', 'Djuniharto', 'Mahasiswa', '1107000182'),
('1107000183', '*B8AB8D3EA6D26E5195BED790271DF957BBA0BE96', 'Rudi Hartono', 'Mahasiswa', '1107000183'),
('1107000184', '*28A5E6B82AE0AEAA7B6C4DEB455624CEA4A3DCED', 'Prayogi Adinoto', 'Mahasiswa', '1107000184'),
('1107000185', '*CA08348F394316E2EAA89ED20D3367589CBCED19', 'Hadi Pranowo', 'Mahasiswa', '1107000185'),
('1107000186', '*5D10C7BA4DB9825A44ED2307BB0C971011DA12BF', 'Yuli Didik', 'Mahasiswa', '1107000186'),
('1107000188', '*1EC31CB956E981D31969528D3DF1DF3E54A7ADF9', 'Ruli Widyatmoko', 'Mahasiswa', '1107000188'),
('1107100084', '*A5E0AE1BC14B41046A7907A8A5CC9DDFE7E5351D', 'Ahmad Ahyar', 'Mahasiswa', '1107100084'),
('1107100085', '*949DAE8D29899D2967AFBDCE96838031324A3E83', 'Abdul Haris Hairu', 'Mahasiswa', '1107100085'),
('1107100086', '*23271CE77353BD2826B24BCCEB27386CEEEF2C8D', 'Rachmat Amienullah', 'Mahasiswa', '1107100086'),
('1107100087', '*CDF390568B8E8F61E7D01D782C50733AFB42FE17', 'Anwar Sadat', 'Mahasiswa', '1107100087'),
('1107100088', '*791682354A06DAE4AC16BE06BBAB45A2B98AD411', 'Ali Sadikin', 'Mahasiswa', '1107100088'),
('1107100089', '*63C7CD837DF272ACF969496B1A87012703AFEC45', 'Mohamad Arief', 'Mahasiswa', '1107100089'),
('1107100090', '*A166B8703391BB21B9BB70659CB170124BCA0B34', 'Wahyu Adi Kartika', 'Mahasiswa', '1107100090'),
('1107100091', '*E799C512AD0289D4BF048626C83CBDB27F042DA7', 'Dinul Maulidin', 'Mahasiswa', '1107100091'),
('1107100092', '*E96D6D458661CBBF90C2BDCAF29218DC61772664', 'Edi Purnomo', 'Mahasiswa', '1107100092'),
('1107100093', '*08BC2D4467A24135FF5DF9C2451BC648C6014697', 'Yuly Anita Rahayu', 'Mahasiswa', '1107100093'),
('1107100094', '*8804D436F2260E2482A2841577922FAC30FC1195', 'Sofiyah', 'Mahasiswa', '1107100094'),
('1107100095', '*5B22B74E0F0A9B0A85B028825BE506333ED83E17', 'Fitroh Kumaladewi Nuraini', 'Mahasiswa', '1107100095'),
('1107100096', '*9E9CC9DC609CA1C3EC5EBABA7D7534EA4CEF9F03', 'Erni Sukmawati', 'Mahasiswa', '1107100096'),
('1107100097', '*8B24979B9BA343F7168F936EECDF80F38A390443', 'Trisna Handoko', 'Mahasiswa', '1107100097'),
('1107100098', '*B4AF8849DDB1808B03A407B79BCF4C4F6E3E5DB4', 'Yudi Kurniawan', 'Mahasiswa', '1107100098'),
('1107100099', '*F40F4D1F6F942502F9ED20735561F2E7EE2F6BA3', 'Nisaa Biruwalidaia Q.', 'Mahasiswa', '1107100099'),
('1107100100', '*634A4122BBE4DE6F6D456E9AB02DAC2ED144B5E8', 'Rini Rosdiati', 'Mahasiswa', '1107100100'),
('1107100101', '*F54429C8FF38E6EAA434D22678CB1E857326A4FA', 'Rio Arisandy', 'Mahasiswa', '1107100101'),
('1107100102', '*E3CE6148B5960CB0033696B73F3931EC361B1C57', 'Franky Parwisa', 'Mahasiswa', '1107100102'),
('1107100103', '*6F238F8B5ECEC3558E1AE9A5A88E9126BACE0634', 'Dewi Agustina', 'Mahasiswa', '1107100103'),
('1107100104', '*CAEEDBB889693BB276182F8675EEB54B432168B7', 'Prayogo Budi Hartono', 'Mahasiswa', '1107100104'),
('1107100105', '*9465A9EC6DAEEB37C1D1574BD51DA4E5972F2846', 'Nicky Garadika', 'Mahasiswa', '1107100105'),
('1107100106', '*B2F8708484EB382B2D62AF932D3D4C54E2146E4C', 'Ilham Wahyudi', 'Mahasiswa', '1107100106'),
('1107100107', '*F6A9E36415D420F50FD37236E3D940704E47B622', 'Slamet Idilfitri', 'Mahasiswa', '1107100107'),
('1107100108', '*6A5F8682835FC292FEAF3DAE4E0D481FED0E19F2', 'Hanim', 'Mahasiswa', '1107100108'),
('1107100109', '*70DBF39B015A37381CC6C2773091E31FCBD9015F', 'Haerul Mufit', 'Mahasiswa', '1107100109'),
('1107100110', '*F274761C13EC092D60AC220A11AAD88BC26A1552', 'Muhammad', 'Mahasiswa', '1107100110'),
('1107100111', '*54A9C8AEB9F245C9BB873A6D19A9F3AF25F55498', 'Andi Soemantoro', 'Mahasiswa', '1107100111'),
('1107100112', '*385451835829D9B85752D1A268DBECCD890B6346', 'Andhika Putra Herl.', 'Mahasiswa', '1107100112'),
('1107100113', '*CC452217BA0F6A6FB963E7E7C809DA1D782AC2CD', 'Aris Ardianto', 'Mahasiswa', '1107100113'),
('1107100114', '*EDEF64098BE2F61A9D81B302609194EAE3197511', 'Lian Bagus Febrianto', 'Mahasiswa', '1107100114'),
('1107100115', '*67FA803CF7699C5372B49F644C0FA86A2D7847AA', 'Dany Eka Fajrian', 'Mahasiswa', '1107100115'),
('1107100116', '*17C9B9B69C47795EB1A5E1EDD018BE941F65926E', 'Danny Sulistiyawan', 'Mahasiswa', '1107100116'),
('1107100117', '*3BBDC2F6020B02087FDA4847DEECC15EFF396253', 'Wanik Solina', 'Mahasiswa', '1107100117'),
('1107100118', '*A472305F47371C98BD4E88258C9DB4F3CD9B704F', 'Teguh Prayitno', 'Mahasiswa', '1107100118'),
('1107100119', '*F2CD6A028947632B20EBBCE101F5A61C502D9FB4', 'Arga Busliananda', 'Mahasiswa', '1107100119'),
('1107100120', '*448EC63D4BC2A66A7751B2FDA6CC7F50CD0752FD', 'Arif Darmawan', 'Mahasiswa', '1107100120'),
('1107100121', '*B471DA6773F38F03C40B0B929388B7FD9D0DC52E', 'Eky Lutfy Permitasari', 'Mahasiswa', '1107100121'),
('1107100122', '*A4FFB47A0D85940D805442005F5EFBB399635C22', 'Andy Kurniawan', 'Mahasiswa', '1107100122'),
('1107100123', '*91DFA47CC7AD8F60CECAFE2FE515731E19B4159B', 'Fuad Ansori', 'Mahasiswa', '1107100123'),
('1107100124', '*164121D65295449CB22E9D18213A2803E0B70A7F', 'Alfan Ardyansyah', 'Mahasiswa', '1107100124'),
('1107100125', '*B0071BED495F1EECD8EDAC25D8E4A47B9F40BF76', 'Imam Bukhori', 'Mahasiswa', '1107100125'),
('1107100126', '*8C4DCFFD59016C4BD80A964C040BE80092D56F88', 'Agus Romdloni', 'Mahasiswa', '1107100126'),
('1107100127', '*BB90CBC0BD3E6F567B8D7F545414FC48199C5089', 'Eko Pujiono', 'Mahasiswa', '1107100127'),
('1107100128', '*91E11F3FD76827817C478EDBD0F9A33559177E85', 'Hendrica Etmi Primarini', 'Mahasiswa', '1107100128'),
('1107100129', '*534CD7952AA6170BF766380826BEC22295D7D2C4', 'Sunarno', 'Mahasiswa', '1107100129'),
('1107100130', '*CB6C60E4EE354C74BABF6B970EF00F167686169D', 'Lailatul Isro`iyyah', 'Mahasiswa', '1107100130'),
('1107100131', '*369450FA147059686699E4B09CDEECE791E23E11', 'Havied Noerdiansyah', 'Mahasiswa', '1107100131'),
('1107100132', '*3283F6308176439A29548D879A073A2D4513B03C', 'Nanang Firman Syah', 'Mahasiswa', '1107100132'),
('1107100133', '*DC28A94F7BDD81CEF904217E25016A611589BA70', 'Ishak Efendi', 'Mahasiswa', '1107100133'),
('1107100134', '*992F17B0D238FE10EFB8F9E4F150E942D515213D', 'Muhamad Romadona M.', 'Mahasiswa', '1107100134'),
('1107100135', '*43C8DAFD412D475BD79B8354EFE1892DBA96A526', 'Yoseph Catur Setiyawan', 'Mahasiswa', '1107100135'),
('1107100136', '*49AFFDA77101EAE5F71248B3EBB28E0C74E5ED76', 'Zaenul Arifin', 'Mahasiswa', '1107100136'),
('1107100137', '*2BED1C2ACBB2F9D73230CF4B7E97811645347709', 'Risca Novi AnggraenY', 'Mahasiswa', '1107100137'),
('1107100138', '*62C63898473E84B1C938395061A85D6F69252505', 'Achmad Arif Solehudin', 'Mahasiswa', '1107100138'),
('1107100139', '*B9809709D87AE5286F33407C07ED2C9DE4DA3417', 'Qirodlotul Imat', 'Mahasiswa', '1107100139'),
('1107100140', '*BBCA688CCE912E16C669D341EB96BF4ED5939A23', 'Martha Fajrin Suci R.', 'Mahasiswa', '1107100140'),
('1107100141', '*42B9247F417F6CEB96153BE9ECCD3E33747601FB', 'Alfian Arief Ermawan', 'Mahasiswa', '1107100141'),
('1107100142', '*554E9EB6DEE6DB8A5C7DE11D4F98A0ACB5C00544', 'Indra Hari Sandi', 'Mahasiswa', '1107100142'),
('1107100143', '*0B4D75B35FAB4F456936492E2221CD3F76C49CE7', 'Mega Putri Rahayu', 'Mahasiswa', '1107100143'),
('1107100144', '*F20B849FEB924FFABFC04E02A54CC231AD003393', 'Endhar Taufani Martyn', 'Mahasiswa', '1107100144'),
('1107100145', '*439BD94852287F80516A82443AC825AEDEACF31B', 'Handoko Saputro', 'Mahasiswa', '1107100145'),
('1107100146', '*0C721849C7584BBA258B31E207528B883D55E7C6', 'Moh. Khamami', 'Mahasiswa', '1107100146'),
('1107100147', '*EA4000A4F971BFDDE84F6559344D933561D4EE59', 'Dinar Putri Permatasari', 'Mahasiswa', '1107100147'),
('1107100148', '*C6506B65B21B3D2294DF9D233E8E62BCF71A8411', 'Indra Fauzi', 'Mahasiswa', '1107100148'),
('1107100149', '*E68414A90DDE441E8EF4B3875B69B52916159D91', 'Surya Arif Bijaksono', 'Mahasiswa', '1107100149'),
('1107100150', '*B3F4816D12AFBE72156B6CC739CFA022523A0D11', 'Widya Agtalia Mariana', 'Mahasiswa', '1107100150'),
('1107100151', '*3D6EBB3812374C70E1F66EC78101A3542717F16F', 'Febriari Priatama', 'Mahasiswa', '1107100151'),
('1107100152', '*2BFBBA351559D5CD928859851B6E62D685A24F4B', 'Dian Puspitasari', 'Mahasiswa', '1107100152'),
('1107100153', '*DEA8CBE7F01C9EBCEE7E7BE04BC585B4D16008AB', 'Rif`an Azmi', 'Mahasiswa', '1107100153'),
('1107100154', '*99991992293F31EE83E76E2D1F1B7AC553CE5354', 'Soni Yudistira', 'Mahasiswa', '1107100154'),
('1107100155', '*EA116EF61326C0947F0684BD62489588E965318B', 'Koimam', 'Mahasiswa', '1107100155'),
('1107100156', '*01F6E8D98C2EC49CFB633CF3A74711F25BA29DD5', 'Ryo Rohman Hidayat', 'Mahasiswa', '1107100156'),
('1107100157', '*20409769F715C696A9109C7B0F6EDE27B25E01E1', 'Chrishendy Danys', 'Mahasiswa', '1107100157'),
('1107100158', '*93003E80C60842590A21AB4DFE02A01C57E4FBE9', 'Rika Wijayanti', 'Mahasiswa', '1107100158'),
('1107100159', '5e41fba32e57e14b', 'Erwin Arifianto', 'Mahasiswa', '1107100159'),
('1107100160', '*583FB34298AF6E347F7F6BA5644D0D692AD8BF2B', 'Debri  Firmansyah', 'Mahasiswa', '1107100160'),
('1107100161', '*8EBAFAD7ED49349DE9C2F631E8AC524CDB7C0E7C', 'Wisudha Haryo P.', 'Mahasiswa', '1107100161'),
('1107100162', '*214F7178D26E7CFC2A950D1F9B1E23E6B535C7A6', 'Ary Eko Prasetyo', 'Mahasiswa', '1107100162'),
('1107100163', '*B437C9C260F267DC1314F991D4A1F7D330817D34', 'Stio Wirawan', 'Mahasiswa', '1107100163'),
('1107100164', '*676A5EE6E14AF481543A57131DB48560861F2005', 'Arvendi Bekti Harjanto', 'Mahasiswa', '1107100164'),
('1107100165', '*88B7DE2CE4CDC81BF848131BDD00BCCA8DA9CE97', 'Andy Bagus Setyawan', 'Mahasiswa', '1107100165'),
('1107100166', '*5FF1A53424BF58D5FD38F9EE764DEE6CDA5B4463', 'Rudi Setiadi', 'Mahasiswa', '1107100166'),
('1107100167', '*F7A7FCA1F51106A3D8CD47ABFD11CB6225A5CDE3', 'Sandhi Pandu Pamungkas', 'Mahasiswa', '1107100167'),
('1108000304', '*C741E21F72380AB5AB0A0730E0B0C1405F9D0180', 'Rahmat Erlambang', 'Mahasiswa', '1108000304'),
('1108000306', '*7AD1340924BAD51DD73EC3414FAE0F180D490667', 'Faruk Alfiyan', 'Mahasiswa', '1108000306'),
('1108000307', '*8EAD9C94E0FC06664A34C641601CEE6B417B111F', 'Sulaibatul Aslamiyah', 'Mahasiswa', '1108000307'),
('1108000308', '*3E82EC613B138557564DE6B939A4CEF94064A460', 'Shohibuddin Humaird', 'Mahasiswa', '1108000308'),
('1108000310', '*896E2C1344A0A5EFCCCB291C235F0FBAD2CCDE26', 'Muh. Helmi Kurniawan', 'Mahasiswa', '1108000310'),
('1108000311', '*71926A83D546EBA1522F459165A4A409D32C5EBB', 'Prasetyo Aji Siswoyo', 'Mahasiswa', '1108000311'),
('1108000312', '*5C05CB168B25683E21B47583DE9840A6D24F9DF9', 'Nur Hayati', 'Mahasiswa', '1108000312'),
('1108000313', '*32631FA3F6D8314B3C1EE5E917A1CFEF0E1B082C', 'Mahdi Abdullah', 'Mahasiswa', '1108000313'),
('1108000316', '*04DDAD5214ED29BA07736DF900C6E5C8EA8F7C91', 'Jefri Yuwanto', 'Mahasiswa', '1108000316'),
('1108000317', '*98B9F2CB0B84D836A677DBEC89B053A9CD18B696', 'Ali Masturi', 'Mahasiswa', '1108000317'),
('1108000318', '*B3717F80FDEA12939BFFAEF87E15A8BFAE006B5D', 'Syaifuddin', 'Mahasiswa', '1108000318'),
('1108000319', '*B758F972A8BAFF0198AAF11DAFD8B3413135E920', 'Syarif Al Fajri', 'Mahasiswa', '1108000319'),
('1108000320', '*BC5685485361A328D0296C6ADB2102EC658F929F', 'Imam Ja`far hadi Purnnama', 'Mahasiswa', '1108000320'),
('1108000321', '*CBE73C27D40BB1DA35301A3A921CB62155EF92D2', 'Ocgik Wahyu Dewanto', 'Mahasiswa', '1108000321'),
('1108000322', '*6B58EF91BEFC172ABB4E2A96A982F3AEFF7C0329', 'Brian Kaldera', 'Mahasiswa', '1108000322'),
('1108100189', '*9754AEC0FA6D2BA9548DCA3E2C33839D995BA6EE', 'Abdul Mujib', 'Mahasiswa', '1108100189'),
('1108100190', '*10A2E8B81739074D61B5A804DFB11979842B7572', 'Achmad Arifka Bakri', 'Mahasiswa', '1108100190'),
('1108100191', '*34521427E34DBD8460B3B5327F4D4A48434DE074', 'Adi Ismanto', 'Mahasiswa', '1108100191'),
('1108100192', '*37359D1A3316F5D7D0CA37C4F72B5DCF22766353', 'Aditya Handoko', 'Mahasiswa', '1108100192'),
('1108100193', '*2AEDAEAEAF2D709B59F13723E9643816D34C926C', 'Agung Widya Pamungkas', 'Mahasiswa', '1108100193'),
('1108100194', '*7A2F9A5B1C30FCFA354E2B705C0E3DD855473383', 'AH Mufid', 'Mahasiswa', '1108100194'),
('1108100195', '*D5B30DA77CD2D09C29F056D09D2B6422D14917A4', 'Ahmad Fikrun Najid', 'Mahasiswa', '1108100195'),
('1108100196', '*6A38613062E26C8679F91F9A4FD3758B7FA0BE8D', 'Anan Purnawan', 'Mahasiswa', '1108100196'),
('1108100197', '*E876FB7B617B127002C47F1831E23A9D44B17FC7', 'Ananda Harditya Pratama', 'Mahasiswa', '1108100197'),
('1108100198', '*15D75DC7139EFB24BD94B93DB14DFE56EB7554AE', 'Andi Eka Muliya', 'Mahasiswa', '1108100198'),
('1108100199', '*2933172D9E8BB97A2CB6AC2BA2BC8635FB5E9999', 'Andika Sabastian Alam ', 'Mahasiswa', '1108100199'),
('1108100200', '*C10AB41A6113B8339E0892A01FD3F6D55C458397', 'Angga Riyan Saputra', 'Mahasiswa', '1108100200'),
('1108100201', '*01FAB438A3136640C9B3CE8917248D6B0FDEF16F', 'Anita Widiawati', 'Mahasiswa', '1108100201'),
('1108100202', '*808F5231021A48957DF323386EA45B5034792FD4', 'Ari Noviyanto', 'Mahasiswa', '1108100202'),
('1108100203', '*81F3A121D8F6091AB346A921E33DDD0FC61F9A51', 'Arif Hadi Sumitro', 'Mahasiswa', '1108100203'),
('1108100204', '*B9CB39E33148AE9BFB4DB4CF20A0C7575D2AE944', 'Arif Nurchayono', 'Mahasiswa', '1108100204'),
('1108100205', '*05BDE29771B5DCCFD6BF1B4C458105B73EB1249D', 'Asep Agus Isnaini', 'Mahasiswa', '1108100205'),
('1108100206', '*1431523F29142C0C1F0E4421D5C1354C2C647879', 'Avecenna Johan PK', 'Mahasiswa', '1108100206'),
('1108100207', '*0B6E229855EF6150630B16FA01CEA78C9D46A58E', 'Ayunda Eka Puspitasari', 'Mahasiswa', '1108100207'),
('1108100208', '*50F5F77E21A91EF0F9C8DC65A19B7059F235530E', 'Bambang Kusno Prastyo', 'Mahasiswa', '1108100208'),
('1108100209', '*D57079168E47672DE681EEEF65D3D90D353FBD3C', 'Binti Fajriatis Sujud', 'Mahasiswa', '1108100209'),
('1108100210', '*F4DFE17268DED1D93C53C4FDC5884ECA4A81E4A2', 'Cucu Dwi Pratiwi', 'Mahasiswa', '1108100210'),
('1108100211', '*26E70B9AA2EFE0B3FDE24335AFB47DAC622CC522', 'Didik Suhartadi', 'Mahasiswa', '1108100211'),
('1108100212', '*C2DC7629455EE2DA04223231409E9D64566851F1', 'Dwi Sinta', 'Mahasiswa', '1108100212'),
('1108100213', '*5CE5F3A62696202D1D0A1F62DFF7A9C342C09D79', 'Dyah Marta Rachmawati', 'Mahasiswa', '1108100213'),
('1108100214', '*AB906132D86D474500224C5E45116009285B4818', 'Dyah Pravita Sari', 'Mahasiswa', '1108100214'),
('1108100215', '*73EABD8E808049B29A73A9527C9737247CFCB537', 'Eko Adi Saputro', 'Mahasiswa', '1108100215'),
('1108100216', '*CACCE2E83302DB98ED62D795016142C49DF648C5', 'Eko Aditia Putra', 'Mahasiswa', '1108100216'),
('1108100217', '*31A6DC622759CF55FCB19AC66D587406FB03BCA6', 'Endang Suwarni', 'Mahasiswa', '1108100217'),
('1108100218', '*08532E733F961E92353E7F7E4F9A960F1E45F597', 'Erlina Puspalasari', 'Mahasiswa', '1108100218'),
('1108100219', '*020277C06F5787F9E0779360523CDCC4B7EDC78F', 'Erwin Eka Permana', 'Mahasiswa', '1108100219'),
('1108100220', '*1F082B1F279EAD248B6CF8EEF0025282F7BD86E6', 'Farid Rahman Fauzi', 'Mahasiswa', '1108100220'),
('1108100221', '*1B771290E547D5BDDCBFDA2747649F43391957DF', 'Fathul Qorib', 'Mahasiswa', '1108100221'),
('1108100222', '*0F90B129A9092E914192BADB5A79046F34ADA9EC', 'Febry Abriantoro', 'Mahasiswa', '1108100222'),
('1108100223', '*D55ED534E4D20CB54D4E3D565F5C402566C15016', 'Febri Hari Widiyanto', 'Mahasiswa', '1108100223'),
('1108100224', '*9B3D48BD419AB448F6BEC484C9E5301A9470B32D', 'Gede Maria Adnyana', 'Mahasiswa', '1108100224'),
('1108100225', '*95EDC3E1825E9F42D01865B1C90280965F9A79E5', 'Haris Sunandar', 'Mahasiswa', '1108100225'),
('1108100226', '*C9AFAD381CB7D1E0D4643A24E493C93561BA47BF', 'Hasim As`ari', 'Mahasiswa', '1108100226'),
('1108100227', '*B2010D9BE2FF8BD8ACC4113FC1F494BFB2BD47C6', 'Heni Jamalia', 'Mahasiswa', '1108100227'),
('1108100228', '*BE17F6D747735B53A79EED4F07ACB92A36FC61A2', 'Heri Kuswanto', 'Mahasiswa', '1108100228'),
('1108100229', '*DEF56C9BFA28FD573B0E09063E5C73986EBEBB1D', 'Hermawan', 'Mahasiswa', '1108100229'),
('1108100230', '*764EE0D31D4EC2729789F18AF0B9AE800A5FD108', 'Hilmi Yarisu Ardan', 'Mahasiswa', '1108100230'),
('1108100231', '*890750C479F245D1C173620C0FF136645CCC3223', 'Huriatul Amaliyah', 'Mahasiswa', '1108100231'),
('1108100232', '*82E274D2318345B6D897E2AA90BE2F1B32CC1E5B', 'Ihtiar Heriyo', 'Mahasiswa', '1108100232'),
('1108100233', '*FB90E29FFEDFED75FCFF5B4C792180734A01CFB7', 'Ika Evi Kurnia', 'Mahasiswa', '1108100233'),
('1108100234', '*F4D96540030D8416FDAC33DFC82D1A7BE517CCDF', 'Ika Niti Sandra ', 'Mahasiswa', '1108100234'),
('1108100235', '*6B21DB0D8108D4D3CE197FBF45EDC7F64AB08ACE', 'Arini Faradiyani', 'Mahasiswa', '1108100235'),
('1108100236', '*F1DCC579EC001296825EF797B0A43F4143C026A8', 'Isnaini', 'Mahasiswa', '1108100236'),
('1108100237', '*D83F381D248203380E0A455651A01795A40786FC', 'Jannatul Virdaus', 'Mahasiswa', '1108100237'),
('1108100238', '*2D19BCE46FF3C4D3F744ACC6B8191E6D9EAB5AFB', 'Joko Tri Sutrisno PMIP', 'Mahasiswa', '1108100238'),
('1108100239', '*D6AB9AE6F476431A95F3B48E7D55B6336BB4E07F', 'Kanti Kristini', 'Mahasiswa', '1108100239'),
('1108100240', '*72A266FF0B77ADF99FD88A30611BD960174D5616', 'Lailik', 'Mahasiswa', '1108100240'),
('1108100241', '*B5B7281D152C4248E6B21FAE0F065D5887E854E6', 'M Nasirin', 'Mahasiswa', '1108100241'),
('1108100242', '*089173DF9F1E23C9862C52F352A184FD291C9E6A', 'Maman Sutiko', 'Mahasiswa', '1108100242'),
('1108100243', '*FB63F27471482A09608018618666F4D123E9395C', 'Master Habibi Roin', 'Mahasiswa', '1108100243'),
('1108100244', '*C5647AB3A7FC5EE6E6AD12ECCC1D5E7D6B8B5999', 'Maulinda Kustiara', 'Mahasiswa', '1108100244'),
('1108100245', '*75F0958539365E0426B7A61CC2DE175F22838203', 'Moch Mujahidin', 'Mahasiswa', '1108100245'),
('1108100246', '*675847125955E3DE0DE64C2A2E3EBE9C9B63D961', 'Mohammad Arifin', 'Mahasiswa', '1108100246'),
('1108100247', '*557D565512631932CE50A8DAAB1FA004ECB10191', 'Mohammad Hasan', 'Mahasiswa', '1108100247'),
('1108100248', '*2746F97286E5A308F2EB51F9CE33EA97CA9F9198', 'Mohammad Aulia Rahman', 'Mahasiswa', '1108100248'),
('1108100249', '*69CC3D25F0089A63B98708F9021092DCF958D56F', 'Muhammad Fikri Mustaqim', 'Mahasiswa', '1108100249'),
('1108100250', '*D6B5BF7FBD4EB17957F9F4F7ED1249EC511B3A0E', 'Muhammad Irsyad R', 'Mahasiswa', '1108100250'),
('1108100251', '*FB4530044718AA8368CDB5B74B7C75A9931D528C', 'Mulyono', 'Mahasiswa', '1108100251'),
('1108100252', '*1BE8B4FE8739DDDCD0CCA6E05B66A87B29B8F3A7', 'Muslih', 'Mahasiswa', '1108100252'),
('1108100253', '*A02F30C7FFBD978E21985DE4DB0164CD97366430', 'Nasrul Umam', 'Mahasiswa', '1108100253'),
('1108100254', '*41AD954AE9E4DCD4DD586DAF49C6895DA880495E', 'Ninuk Milia Wulandari', 'Mahasiswa', '1108100254'),
('1108100255', '*EC777BC540186723AAB079FBF7CC4C4BC21169A1', 'Nur Zakia Mughoffar', 'Mahasiswa', '1108100255'),
('1108100256', '*AD49C7979C08F497D29526CABDFD8968DF848B50', 'Obie Septiando', 'Mahasiswa', '1108100256'),
('1108100257', '*ECB53581F4C9F2EB1D6F8C7B9EA3511A70CEC4E7', 'Kutiyono', 'Mahasiswa', '1108100257'),
('1108100258', '*ACC3342E1598588A2566EE29E587352FC26EE182', 'Rangga Febrianto', 'Mahasiswa', '1108100258'),
('1108100259', '*EBC97DEF43328A38845D8FB9C272DD2C6ACA1446', 'Ria Yulika Lestari', 'Mahasiswa', '1108100259'),
('1108100260', '*E17869D8B47E082AA7C90BA46FDDA948D0D1E2C9', 'Riqy Fikri', 'Mahasiswa', '1108100260'),
('1108100261', '*11602580F8D5F197914A462DBE886971515CC7E5', 'Ririn Kristiantini', 'Mahasiswa', '1108100261'),
('1108100262', '*5BD0C305FF4CAB838453E0C612ECF05239BC3E18', 'Rizal Ermawan', 'Mahasiswa', '1108100262'),
('1108100263', '*87540942A2426F1C9F4088C11F766B25D5C8802B', 'Rizka Chandra Prayoga', 'Mahasiswa', '1108100263'),
('1108100264', '*4483CD6317416C22553843531CC3E3F2E1957423', 'Riszi Ardiansyah Putranda', 'Mahasiswa', '1108100264'),
('1108100265', '*8B06DD253A89535B435FCC5A407531A03F713146', 'Rudi Hartono', 'Mahasiswa', '1108100265'),
('1108100266', '*D58E16985684257215F3AD86B94387311FDCBCBA', 'Sahara Thursina', 'Mahasiswa', '1108100266'),
('1108100267', '*F72F69CC8B76465B8AE23624C0EB91FBE8861150', 'Saiful Anwar', 'Mahasiswa', '1108100267'),
('1108100268', '*8F15F0F4BA81FF30915C3006660FABF8C6FC0DF9', 'Saifulloh', 'Mahasiswa', '1108100268'),
('1108100269', '*ACF835EE3D83A0464017D990714273DA1C68E31A', 'Santi Handayani', 'Mahasiswa', '1108100269'),
('1108100270', '*4D31ECEE8E1E697692482F46D00E837491BDEE7B', 'Septa Handayani Pratama', 'Mahasiswa', '1108100270'),
('1108100271', '*9FADDD3E92355375A38588ADD22B3B934E0EE62D', 'Silvi Fitria Nur Arifki', 'Mahasiswa', '1108100271'),
('1108100272', '*BD2744D6464B80135A19970562CA582F2A73F6C3', 'Siti Mas`ulah', 'Mahasiswa', '1108100272'),
('1108100273', '*C954FD51B699765CA0BDF5290F8B208D459BFA8F', 'Slamet Hariyadi', 'Mahasiswa', '1108100273'),
('1108100274', '*B21ABB4A36061DF2117AFFACFD32E92F756AAC12', 'Sugeng Wijaya', 'Mahasiswa', '1108100274'),
('1108100275', '*1B247C7E52DF8543008481A7269E0D8505405EB3', 'Sukma Hanggara', 'Mahasiswa', '1108100275'),
('1108100276', '*EC16764597086D8F776CF126E8949728B767CA48', 'Sunaryono', 'Mahasiswa', '1108100276'),
('1108100277', '*D53A8089642605FFCFD9A0414C5DC7589F533225', 'Suryadi', 'Mahasiswa', '1108100277'),
('1108100278', '*72DD9E1AC8686FA0C30581E41D6A609EB499404E', 'Suwanto', 'Mahasiswa', '1108100278'),
('1108100279', '*623F41C116A201E2DFB45A7A9E371C96EDEBC0B5', 'Suwarni Aswad', 'Mahasiswa', '1108100279'),
('1108100280', '*C88F763B024394CD82EDCC8859C9D937250B711E', 'Tri Prasetyo A', 'Mahasiswa', '1108100280'),
('1108100281', '*9C7FA7F56B41529E85B289C1F9D21F84F6B4AEA4', 'Wahyu Rio Indrawan', 'Mahasiswa', '1108100281'),
('1108100282', '*CEC5ACAE1113A12E2B5DE04B7311A3CC428CD7D9', 'Yuli Wafiroh', 'Mahasiswa', '1108100282'),
('1108100283', '*8C27309D2B71EFF13D1FDB563B8701313DD9D7C8', 'Yusuf Efendi', 'Mahasiswa', '1108100283'),
('1108100284', '*ED3AD2BB8531932B5A504C9750C5B0AEF57B3484', 'Zainurida', 'Mahasiswa', '1108100284'),
('1108100285', '*8DDCEA208A3EC4F047C74032329E7B36F30E2039', 'Hadi Purnomo', 'Mahasiswa', '1108100285'),
('1108100286', '*AE129F20D46709AC2AC88C7703392E1754588AE4', 'Dhimas F', 'Mahasiswa', '1108100286'),
('1108100287', '*92935A8711847274C83031618F17B53CC0854C66', 'Agus Sucipto', 'Mahasiswa', '1108100287'),
('1108100288', '*E01457F4EBB71FDC9239E788C3F81BF07924EC22', 'Silvia Dwi Harmeidiawati', 'Mahasiswa', '1108100288'),
('1108100289', '*32C8D44A5C1955CB010204EC516D74ADEB3455C3', 'Rifqi Andriayansyah', 'Mahasiswa', '1108100289'),
('1108100290', '*BFA9802F3F42E0366C194128F1887B8BA6640711', 'Khotmil Yanti', 'Mahasiswa', '1108100290'),
('1108100291', '*C93458230DBEE5CBF1D1F1B192160A6B24FB72DB', 'Adi Kurniawan', 'Mahasiswa', '1108100291'),
('1108100292', '*E96C7D2F207842E070BBF5178423E4AC13377A5B', 'Johan Wijaya', 'Mahasiswa', '1108100292'),
('1108100293', '*D70EA0B105ECCEE7440B0DDF489353C1216CEC9C', 'Anna Arini', 'Mahasiswa', '1108100293'),
('1108100294', '*CB6664C2494B2EC86586BBD13DC0EA094B15D559', 'Nita Yuli Indra', 'Mahasiswa', '1108100294'),
('1108100295', '*EF937976EB4736F79CA925B657A5ADAF842B74DD', 'M Supriyono', 'Mahasiswa', '1108100295'),
('1108100296', '*4CF5C3DF0DB13278795724445EBE9516D19712AD', 'Syaifuddin Yuliansyah', 'Mahasiswa', '1108100296'),
('1108100297', '*09C81D4EC3DBBFE7C1D134CD7FBB7160861F4523', 'Dherry Arman Rentalam', 'Mahasiswa', '1108100297'),
('1108100298', '*3380A92E1C5FA83124CE4F37F4E390E8E181971E', 'Tri Apri Susanto', 'Mahasiswa', '1108100298'),
('1108100299', '*547B2EC3F2E01B1499B16A3887DA398A608E145D', 'Mustain', 'Mahasiswa', '1108100299'),
('1108100300', '*260FA82CB66CA001465C355E07634AA6F2A8ECCA', 'M. Ali Chofur Rochim', 'Mahasiswa', '1108100300'),
('1108100301', '*5341FE4512EDBE47C03A1EC69E6662207B4DB87C', 'Alpan Akbar', 'Mahasiswa', '1108100301'),
('1108100302', '*E18740B0F64FBB73A94073E45BAC26FAA7E194AA', 'Arif Fadilah', 'Mahasiswa', '1108100302'),
('1108100303', '*E4382117FCBC9F43C469F9484F1A3F61D8090259', 'Aditya Permana Putra ', 'Mahasiswa', '1108100303'),
('1108100304', '*2932DEA75515B26871EBF07F48BD6735AF928E14', 'Wisnu Wardana', 'Mahasiswa', '1108100304'),
('1109000329', '*1CB24750A6C2328FEB36B67705FD6059CBFACEBE', 'Ninik Reniyanti', 'Mahasiswa', '1109000329'),
('1109000333', '*DAB4BE63AC90F4FABE6323C4BD7369E9BFE1878A', 'Khairul Anwar', 'Mahasiswa', '1109000333'),
('1109000334', '*907B7F47C6ECD7C7F7A6E07FE5EE4FF630F45601', 'Ahmad Hermanto', 'Mahasiswa', '1109000334'),
('1109000335', '*1846978BF8C153DE8BFAE57B9E6E51219FB883C3', 'Pieter Yulivianou', 'Mahasiswa', '1109000335'),
('1109000336', '*B667661F166C9EFA628EF926CAD1FF7F9A6D42D1', 'Taufik Walhidayat', 'Mahasiswa', '1109000336'),
('1109000337', '*BCBFFE3CA8F51C0D5D97AE99FAB4C37CA3526AEF', 'Lyly Nur Mustoffa Muslich', 'Mahasiswa', '1109000337'),
('1109000338', '*55E0283F482CB9066211DA72370357E5E08480B2', 'Andik Kurniawan', 'Mahasiswa', '1109000338'),
('1109000339', '*938C52984C8926971B30AF677317AAF5BF838281', 'Dhana Tirtha Dahanana', 'Mahasiswa', '1109000339'),
('1109000340', '*F8254498E07B2448830BB5A9621B08DBDEA85170', 'M Taufiq', 'Mahasiswa', '1109000340'),
('1109100329', '*819B4529412930528E66131787C058F6EFFC7E2D', 'Dedi Winarno', 'Mahasiswa', '1109100329'),
('1109100330', '*CF80DC98D63746AE59B16B2551BF0AF564E24CDA', 'Windy Aufa', 'Mahasiswa', '1109100330'),
('1109100331', '*7524E079F495CD572E39D20CCF9D5593A905FA31', 'Suliyana', 'Mahasiswa', '1109100331'),
('1109100332', '*32E95ED6C3F4177C21C50D15615C1B5F657E8BCC', 'Yenni Rosetiawati', 'Mahasiswa', '1109100332'),
('1109100333', '*B11BF5004035528312209B6E2E8A3C34B653B6DA', 'Lina Hurin Rahmawati', 'Mahasiswa', '1109100333'),
('1109100334', '*4D75E836A93AFAE36B164975B5909343BD428615', 'Selamet Wahyudi', 'Mahasiswa', '1109100334'),
('1109100335', '*24495D9BD4C4D2274CD3BF5420257595B1EEB6C1', 'Dessy Nirmala Sari', 'Mahasiswa', '1109100335'),
('1109100336', '*464511B148236BB6B3B53E7ED064B23F1993B495', 'Niluh Kadek Diyah PD', 'Mahasiswa', '1109100336'),
('1109100337', '*363019E42279550D24ABCBA3C45AADFA6C12AF6B', 'Faridhatis Salmi', 'Mahasiswa', '1109100337'),
('1109100338', '*B02C78BC43185AE8C6C3EF6119ADAE280EC24533', 'Elok Karunia Dewi', 'Mahasiswa', '1109100338'),
('1109100339', '*BDA102A15D54640F54C21C1E3338044C47B50F3F', 'Faris Esa Aridinata', 'Mahasiswa', '1109100339'),
('1109100340', '*7F62C8E2246BCBD8BB42F54BA86D3848D24DA88F', 'Fingky Budiarti', 'Mahasiswa', '1109100340'),
('1109100341', '*CEB95D1C455851C1F0F43AC7E57EB97A589F58CA', 'Firman Hidayat', 'Mahasiswa', '1109100341'),
('1109100342', '*AC28C62BFB34E9218B8EA9BD356025875A521BC7', 'Dwi Nur Samsu', 'Mahasiswa', '1109100342'),
('1109100343', '*703F08F3E4583AE9DFF29C7DDB29E3AB112631FC', 'Puji Agustian AW', 'Mahasiswa', '1109100343'),
('1109100344', '*A8CDCFC00E0122F088BDAD70FE14A903D98BC401', 'Wahyudi', 'Mahasiswa', '1109100344'),
('1109100345', '*A63598BEF50460022EA515848B0EF144B908FAE2', 'Muhammad Irjik', 'Mahasiswa', '1109100345'),
('1109100346', '*7B1B61AB05107895B4C7D6FC3D7A1153EFF9EE67', 'Imam Ramanto', 'Mahasiswa', '1109100346'),
('1109100347', '*DF7395A4BD1E0F2581F69C959AC1914AF64177A8', 'Willy Witanto', 'Mahasiswa', '1109100347'),
('1109100348', '1a60aae9361fada8', 'Rizki Marta Amalia', 'Mahasiswa', '1109100348'),
('1109100349', '*6E2C30AD4616C9210AD250019B23EC52D95AABB3', 'Rani Hidayanti', 'Mahasiswa', '1109100349'),
('1109100350', '*D358D388B604991C2FBA567AE4EB650F15F76935', 'I Wayan Gede Suma Wijaya', 'Mahasiswa', '1109100350'),
('1109100351', '*77510DDC29DD3F5001914C206E3E04EE7C6122A5', 'Okky Hadi Wibawa', 'Mahasiswa', '1109100351'),
('1109100352', '*FCF9C9E509396CA252AFD94AF45DFE3187F6B787', 'Christin Dini Kartika ', 'Mahasiswa', '1109100352'),
('1109100353', '*FD71FC9960FA95BEF165A26F9D415EACE0EF0ED3', 'Dendang Wahyudi', 'Mahasiswa', '1109100353'),
('1109100354', '*611BD1F035AF09B571F61D2CE1D2B6C6EF162D7F', 'Fira Felina A', 'Mahasiswa', '1109100354'),
('1109100355', '*6D4D5D252BAA687F8A6E77353E1F85575E0AD6DC', 'Feri Hardiansyah', 'Mahasiswa', '1109100355'),
('1109100356', '*91312D83DA0759A1FC450B99DA6432B3C018BC39', 'Yusron Hadi', 'Mahasiswa', '1109100356'),
('1109100357', '*C32C2F0749E4E05381476D457577F511CF1017F9', 'Yoga Harinata', 'Mahasiswa', '1109100357'),
('1109100358', '*072213563B3355DC69B94B0B66CB8E0D79C1418A', 'Hermanto', 'Mahasiswa', '1109100358'),
('1109100359', '*E924E5BDF812E8D89F82AC32011C3A4B4214883A', 'Hedi Wibowo', 'Mahasiswa', '1109100359'),
('1109100360', '*C0496C2EB7364629EDCE5279FA62CCA89F6E725A', 'Icha Novianti', 'Mahasiswa', '1109100360'),
('1109100361', '*F7D0B6C28C849170FDCB5B7893E5237A5863F3D1', 'Arie Jayanto', 'Mahasiswa', '1109100361'),
('1109100362', '*D20425817BFDB489D3EC884B5E375FFB69D4AD9B', 'Helman Arif', 'Mahasiswa', '1109100362'),
('1109100363', '*4DD32FE3C222EB0C074C36ADDF3988A946AAC33A', 'Nur Alimin', 'Mahasiswa', '1109100363'),
('1109100364', '*CAC9EA7BF954F1142B6D30415AA2FDB72C6FFEA0', 'Ade Herman Febrytama', 'Mahasiswa', '1109100364'),
('1109100365', '*4B5CE0441855F84FF319D9AD68EB93C15831E170', 'Topan Arif S', 'Mahasiswa', '1109100365'),
('1109100366', '*A0E857A4E4DFD587B605BF55C518D07CB963E266', 'Gufron Maulidin', 'Mahasiswa', '1109100366'),
('1109100367', '*5D06CBC2A240F67133035416C1C20CC977F40FAF', 'Satriyo Handoyo', 'Mahasiswa', '1109100367'),
('1109100368', '*BB3C700DB39CF4D8545141F0A3846FE48F5A59CF', 'Helmi Darmanto', 'Mahasiswa', '1109100368'),
('1109100369', '*84DC962B78F6B4363DF9F1F4B764FA5ED44CA960', 'Sugeng Wijayadi Budi Utomo', 'Mahasiswa', '1109100369'),
('1109100370', '*85178B753B0AD5EB4C1DE1151E667DF639DF1C09', 'Nurwanto S', 'Mahasiswa', '1109100370'),
('1109100371', '*12755AA8DDA9C93D0B6B5DA84A8280A4DD5C4DAA', 'Denis Hidayat', 'Mahasiswa', '1109100371'),
('1109100372', '*FC2CF919D82E874931D3A590EA4023F5BE7CBFB3', 'Fitriyah', 'Mahasiswa', '1109100372'),
('1109100373', '*180DB7B7515B63BE58AF2443CA429E6968EAA58D', 'Muh Novi Raharjo', 'Mahasiswa', '1109100373'),
('1109100374', '*085D210525A004235AA2FEC277E715FE353C8C01', 'Tudrik Maula', 'Mahasiswa', '1109100374'),
('1109100375', '*C026A41BA0F148BD3DA6E1BBBB713C8EF942209D', 'Rudi Hermawan ', 'Mahasiswa', '1109100375'),
('1109100376', '*0C2E4A8057EEF42DAF73D3ADBC1AFAE1424C8B25', 'Zulkifli', 'Mahasiswa', '1109100376'),
('1109100377', '*DFCAB206AE987781E8A8407A3F5346D38C7A3AC8', 'Hairul Anam ', 'Mahasiswa', '1109100377'),
('1109100378', '*DAADFE60F66169B7937344374C637D577ABF9C50', 'Bayu Dwi Saputra ', 'Mahasiswa', '1109100378'),
('1109100379', '*75AE09A53521D65E96647ED2497B34CC798C3F7D', 'Ilham Ulum', 'Mahasiswa', '1109100379'),
('1109100380', '1a681365361fbf98', 'Bagus Irwanto', 'Mahasiswa', '1109100380'),
('1109100381', '*5F65D02AEED9612AA79A9C082C4E0901E2929A23', 'Eka Prasetya', 'Mahasiswa', '1109100381'),
('1109100382', '*A4402F23C34C1CAA5CF837FD304307711ECD968B', 'Titik Kaniatin ', 'Mahasiswa', '1109100382'),
('1109100383', '*34EA9F27566B9AF26C87A6B084DA5ED658314926', 'Ari Pristanto', 'Mahasiswa', '1109100383'),
('1109100384', '*A4E95AE124DBF8A6C8C5CA750DE6790588C84F8B', 'Nida Usfiya', 'Mahasiswa', '1109100384'),
('1109100385', '*89A97AAD87E7761986F151D1F3ADE6722A714887', 'Samsul Imam Romadi', 'Mahasiswa', '1109100385'),
('1109100386', '*3ED35A30AF7D1BF1F35CA92748FFAB7E6F817A9C', 'Agus Asrud S', 'Mahasiswa', '1109100386'),
('1109100387', '*C12050D82902895E2A72BED984B96F16764CAF9D', 'Diah Ayu Pramudita', 'Mahasiswa', '1109100387'),
('1109100388', '*1C8DBC6B14074604E9D69C6EC66E16E2284767C6', 'Supriyanto', 'Mahasiswa', '1109100388'),
('1109100389', '*0489EC32126297813AC20EB8F27F5740E1BEB2FC', 'Moh Taufiq', 'Mahasiswa', '1109100389'),
('1109100390', '*9308ED4512314AAAD8A71CDE21DE06A63FF24B65', 'Bagus Purnomo Aji', 'Mahasiswa', '1109100390'),
('1109100391', '*18FF912F01E9FDBDF21A3C3615F033427241BF95', 'Ariesta Dwi Friska Yanti ', 'Mahasiswa', '1109100391'),
('1109100392', '*27F2C70B8D9E1470D067F47E97E4B878524245D5', 'Helmi Budiyanto', 'Mahasiswa', '1109100392'),
('1109100393', '*FA4B8D6C4944FF9916E6283ABA0485AB1B8BDA92', 'Moch Ridwan Adi S', 'Mahasiswa', '1109100393'),
('1109100394', '*F6357E831F2C9FA290FF311FEEA45B5844E22EE2', 'Yohanes Kurniawan', 'Mahasiswa', '1109100394'),
('1109100395', '*2122B3DAAF61C27534F10CE0594BB2906C61FCCD', 'Moh Khairun N', 'Mahasiswa', '1109100395'),
('1109100396', '*199A7D2532646A345FC02BDC630059A829A55D9C', 'Muhammad Yunus Hafif', 'Mahasiswa', '1109100396'),
('1109100397', '*726186AAA2E20935C8175CDF5EBB568A06A41FE2', 'Dewi Kusniah Wardani', 'Mahasiswa', '1109100397'),
('1109100398', '*C073B3A8DBA143D6A5CB7962BEF980BE4A7252FF', 'Milda Tsalitsatun Nisa', 'Mahasiswa', '1109100398'),
('1109100399', '*CA2FAF60BEB1868BC5D49972D9D01505F8128B9B', 'Okky Adhari Utama', 'Mahasiswa', '1109100399'),
('1109100400', '*0350DFFEF2364502E2BD59829F3E62CE963095BD', 'Akh Subbanul M', 'Mahasiswa', '1109100400'),
('1109100401', '*FC69B1ACEDDA4FBB52BD3A09CB2004E76E7578F3', 'Muhammad Afton M', 'Mahasiswa', '1109100401'),
('1109100402', '*4E22A44C57EDD7E856910B7F1D45700C4C923718', 'Agus Rohman Yusuf', 'Mahasiswa', '1109100402'),
('1109100403', '*C9C23FC6819A438210DF1795A76C959B5DC87DD7', 'Bagus Santoso', 'Mahasiswa', '1109100403'),
('1109100404', '*F2EFB98F4049EB85484B5B001194389056577ACF', 'Sofian Fanama', 'Mahasiswa', '1109100404'),
('1109100405', '*32ED981878FBCC93CD55D6B32C1A9DDB6586D137', 'Dwiky Kristianto', 'Mahasiswa', '1109100405'),
('1109100406', '*51B66501409F2E0E0C5A5786BAAE0D863B3F8E24', 'Faudi Rusito', 'Mahasiswa', '1109100406'),
('1109100407', '*F4547ACFEE5F8992AD1A9BA74EC6C646D294109E', 'Novan Arvi Risandi ', 'Mahasiswa', '1109100407'),
('1109100408', '*CFA246D5D2EF713A09B355FB0A09DE7F3A5AAA57', 'Restu Arisandi', 'Mahasiswa', '1109100408'),
('1109100409', '*17B148E11AC7AB8F17FF0430FEBC8D15A93B1AEB', 'Febsa Febriani Setiyawan ', 'Mahasiswa', '1109100409'),
('1109100410', '*9860CE7B48870F16E51F9E7AFB0E01275C3D02CF', 'Rendra Pranata T', 'Mahasiswa', '1109100410'),
('1109100411', '*8DD1FA22A883F9FC2AA2AA1E08A0DE87687C5F88', 'Fariz Hariyanto', 'Mahasiswa', '1109100411'),
('1109100412', '*E7241D15EE9379C15C9471C6560B2C2AC215A94D', 'Maya Lestiawati', 'Mahasiswa', '1109100412'),
('1109100413', '*EBE7859A8DA7F153F65B46B9E1F9776A6B14880B', 'David Haryanto', 'Mahasiswa', '1109100413'),
('1109100414', '*024936014A2D64C166A09F61150BF596ACA57D57', 'Zaenal Arifin ', 'Mahasiswa', '1109100414'),
('1109100415', '*17C9BF368908505C046DDCE0FF72ADFB070969D2', 'Yudi Susilo R', 'Mahasiswa', '1109100415'),
('1109100416', '*4A46DA43F27D5C4664190E558FDE879E41415132', 'Firman Marta Nugraha ', 'Mahasiswa', '1109100416'),
('1109100417', '*AA7D0A93CD17CFC34CDBB6DFB86D0E73B2286E4B', 'Irham Mubarok', 'Mahasiswa', '1109100417'),
('1109100418', '*74E770E5FA3EE813E5EF39D94FE9F36F126CC2C8', 'Abdul Komar', 'Mahasiswa', '1109100418'),
('1109100419', '*65374DBD6331C0403C7AA65652D62CA6115B8F49', 'Elok Wita Kurniasari', 'Mahasiswa', '1109100419'),
('1109100420', '*32C2AE45BC08A80908FCBFF32BF670BBE64E3B62', 'Wahyu Setyo Nugroho', 'Mahasiswa', '1109100420'),
('1109100421', '*4157EF9367463901F3CB7BF5115DDAD4D808E119', 'Dianita Dwi Farida Anim', 'Mahasiswa', '1109100421'),
('1109100422', '*D90A84084844AD493A074B0F9DA254C99A1F2E5F', 'Teguh Widya Kasih', 'Mahasiswa', '1109100422'),
('1109100423', '*9682DACDA49FEB26E5976B44A6B7D75E5375646B', 'Septian Masruroh ', 'Mahasiswa', '1109100423'),
('1109100424', '*3210B9004AB0E00338539BE388ECFCBEF9BEDDDF', 'Wahid Setyo W', 'Mahasiswa', '1109100424'),
('1109100425', '*5F6795D4D92552DDC8BFEAC347FC1B0280E7F633', 'Doni Putra', 'Mahasiswa', '1109100425'),
('1109100426', '*77CFE9B7F93FE60D42DA6A65262BD6AFB4F6F898', 'Arjuna Riadi Putra', 'Mahasiswa', '1109100426'),
('1109100427', '*B01AC22FA5116257BBB66E1288F413DF2B5FDE72', 'Tono Sumarsono', 'Mahasiswa', '1109100427'),
('1109100428', '*7DF215E99FA74924EACD7688096DE63449439D22', 'Luqman Fauzi', 'Mahasiswa', '1109100428'),
('1109100429', '*DE0B2549FAAEF2FF639ECB7E6C3B8484BA0A5B9E', 'Rosyid Edi S', 'Mahasiswa', '1109100429'),
('1109100430', '*9D73EB75122A36285D35F5F4E8FB7A80F82E8DAB', 'Heni Elvi Laili', 'Mahasiswa', '1109100430'),
('1109100431', '*6FBCC4B70BAFA9AD7B8F7C7E89A7D418139C52D3', 'Wiwit Widayanti', 'Mahasiswa', '1109100431'),
('1109100432', '*ABF30F7A4B08898038403686D5318EB8EDBAA650', 'Ahmad Firman Fauzi', 'Mahasiswa', '1109100432'),
('1109100433', '*CA7C84AA31DBF6FC2B133AC381D63A0864A748CE', 'Moh Rafid', 'Mahasiswa', '1109100433'),
('1109100434', '*97C772298D302B23E9B59605EA58776A779FA048', 'M Catur Mukti P', 'Mahasiswa', '1109100434'),
('1109100435', '*C81319659EE560E49E8CA18D978FB4CBCA627F59', 'Ucta Pradema Sanjaya', 'Mahasiswa', '1109100435'),
('1109100436', '*64A73B5743CCFDED17847815FC8F01822C7F9FE4', 'Suyatno', 'Mahasiswa', '1109100436'),
('1109100437', '*EBB7B42F50D725B91F187E1435633B37452079C9', 'Abdul Haris Ramadin ', 'Mahasiswa', '1109100437'),
('1109100438', '*62F19FBC7178E8092DB4BE70ABD59BC268BD116D', 'Hendhita Candra Lusmana', 'Mahasiswa', '1109100438'),
('1109100439', '*7122CC5122CE552C979A5033D7FA3D256EC780C1', 'Mariyadi', 'Mahasiswa', '1109100439'),
('1109100440', '*85D0C931EA87A3A9B91DF2AB449D852BD5FA696E', 'Dito Budi SP', 'Mahasiswa', '1109100440'),
('1109100441', '*468746E75DB4A382426EB1E5C2227F36101475A6', 'Mariono', 'Mahasiswa', '1109100441'),
('1109100442', '*DA92917E52714158FA60F3B34F20DC2550C6988F', 'Bayu Endartono', 'Mahasiswa', '1109100442'),
('1109100443', '*3F48D7BE7112DF955CC0E3AB9811C81082FE97BE', 'Irfan Fauzi ', 'Mahasiswa', '1109100443'),
('1109100444', '*5D389920B19871EB61231E60A4E63BE20135FDBB', 'Ali Mukabshol Alawi', 'Mahasiswa', '1109100444'),
('1109100445', '*F747020042A37771508005FFF2A3EBEBD9EF863E', 'Teguh Suryo Saputro', 'Mahasiswa', '1109100445'),
('1109100446', '*1567C9F337BB23667DC6CFCEFAEF5A08CC28303F', 'Mujibur Rohman ', 'Mahasiswa', '1109100446'),
('1109100447', '*21E0F136A7D64E5ABA459CCD616D7DAB41707E96', 'Kikit Supriyanto', 'Mahasiswa', '1109100447'),
('1109100448', '*74F36B9717F9E9FC8F11100D818BFD0AAA4C8376', 'Delima Dwi Sayekti', 'Mahasiswa', '1109100448'),
('1109100449', '*A96A47FBDB68CAAD5917D6E909760011AA3BEC3A', 'Eksa Fakhurdin ', 'Mahasiswa', '1109100449'),
('1109100450', '*67B7865E52AD921071D317264D1CA68A37B522DC', 'M Yusuf Sumarno', 'Mahasiswa', '1109100450'),
('1109100451', '*7E32D0D883248246EE035F23DC43D8340C700B87', 'Taufik Rohman', 'Mahasiswa', '1109100451'),
('1109100452', '*B485B5B3747D7E8CED274A9112D1E8BAE08EEC14', 'Tri Imam Roby Ardan', 'Mahasiswa', '1109100452'),
('1109100453', '*EC86E625CF22E9C0C97F17371D7D6E463C07D426', 'Wahyudi', 'Mahasiswa', '1109100453'),
('1109100454', '*D71789BCC2FF542FCF2BD8B1969FA409A874CC1F', 'Evan Fajar Pratama ', 'Mahasiswa', '1109100454'),
('1109100455', '*6176CFAE6F18D3D20A77C09CC8E13841E776232D', 'Samuel Margaret Adi Wena', 'Mahasiswa', '1109100455'),
('1109100456', '*707A0131F6F4EDFDEA6DC451157F761CFE448910', 'Untung Jasuli', 'Mahasiswa', '1109100456'),
('1109100457', '*588758B6E70E7089D0FBA1C01F35798FACDFB34D', 'Irvan Hidayat', 'Mahasiswa', '1109100457'),
('1109100458', '*1705AB0EB37C505C14808113542733A115302289', 'Ade Sofan Kunaifi', 'Mahasiswa', '1109100458'),
('1109100459', '*BEB6A1256046DF98FA381C4DEC3AB773DBECEFE3', 'Dwi Apriluddin Payungadi', 'Mahasiswa', '1109100459'),
('1109100460', '*D8A9BA7CEF827A889EBE37210DCB043BF4247E80', 'Andre Refaldi', 'Mahasiswa', '1109100460'),
('1109100461', '*CD92D9B7E0D5545095D915B83448B8CCAC34AF01', 'Muhtadi Mukhtar ', 'Mahasiswa', '1109100461'),
('1109100462', '*D3076E637B65D4E9C11CE818E3F0030EB8237CFD', 'Miftakhul Faris', 'Mahasiswa', '1109100462'),
('1109100463', '*1DB84A6A0B0C2F6617AE2C775FA38398B536C44F', 'Rezita Meyla Andhika Sari', 'Mahasiswa', '1109100463'),
('1109100464', '*1AE01D148F3BF90331E0E548399080CF9C0ABD81', 'Nanda Aziz Mutaqim ', 'Mahasiswa', '1109100464'),
('1109100465', '*9B79BE3C9F1ABE11DB9E2AB55E6C9AA8D390030B', 'Andi Mei K', 'Mahasiswa', '1109100465'),
('1109100466', '*F0F30EA06E38DDC0A3A973126742EE4B0A7CFF16', 'Tri Harisandi', 'Mahasiswa', '1109100466'),
('1109100467', '*E7DD92FAB7E923B2B1142F595A2BBDF3FCCEF533', 'Imam Wahyudi', 'Mahasiswa', '1109100467'),
('1109100468', '*3585A8F3515856227EEBA729DD4879126EF48F29', 'Husbanul A', 'Mahasiswa', '1109100468'),
('1109100469', '*A4933B58B0791E3C264E0C3245AFF82C60435D12', 'Pipit Herfiyanti', 'Mahasiswa', '1109100469'),
('1109100470', '*F517FED426873A5EFDF305209536103761A96A7D', 'Indar Dwi Riantini', 'Mahasiswa', '1109100470'),
('1109100471', '*785583365AE411EA6BE17C8D23347D2DC9C21ED4', 'Andri Anto Hario W', 'Mahasiswa', '1109100471'),
('1109100472', '*F9087380075F0D86EA7E7C6F0F17AFA66520F3E6', 'Nur Hasan Faid', 'Mahasiswa', '1109100472'),
('1109100473', '*9D0E15AEA5FFB32EDBD9EB4ECA5E85DB09059ACA', 'Notriska Pohan', 'Mahasiswa', '1109100473'),
('1109100474', '*9168B47318CF67990630112BAE97B6B9D2B29A90', 'Defia Estu Pratiwi', 'Mahasiswa', '1109100474'),
('1109100475', '*ED4F2CDCB24A0EA68B6415B451FDE2D8D8DB6B14', 'Septi Nur Widyastuti', 'Mahasiswa', '1109100475'),
('1109100476', '*A59281FC77B07A460FD85A92518F22B582838022', 'Verawati', 'Mahasiswa', '1109100476'),
('1109100477', '*062462C6E72CE70DDBC8BC93EB5C2C8BA0664AAF', 'Tri Yuli Kurniawan', 'Mahasiswa', '1109100477'),
('1109100478', '*84883502E1DC94854A13A69A5516FA17B3743A67', 'Nadhifatul U', 'Mahasiswa', '1109100478'),
('1109100479', '*0DC607C8CF588E65BDF895641EDE8EF7FA33F1C2', 'Faradhiba Aurarima ', 'Mahasiswa', '1109100479'),
('1109100480', '*85E94AD35AC341E948AE4A1543C88E20FC3A5393', 'Moh. Hariyanto', 'Mahasiswa', '1109100480');
INSERT INTO `tbllogin` (`username`, `psw`, `nama`, `status`, `idlink`) VALUES
('1109100481', '*FA3A55207A536149EB83484716085024376A2C56', 'Adhitya Fery Pradana', 'Mahasiswa', '1109100481'),
('1109100482', '*142CEE208CA43F8768E901C1A310D2BFC159C52A', 'Nurviana Alwi Dullah', 'Mahasiswa', '1109100482'),
('1109100483', '*432900FAA6C935809494589C09505CDCE0865427', 'Krida Maharsi D', 'Mahasiswa', '1109100483'),
('1109100484', '*9A45A49D2196CB1648FDFE1AA0C6C9E8DF971258', 'Gushadi Ferdinan Dani', 'Mahasiswa', '1109100484'),
('1109100485', '*3D697129F16EDB9F5D1607713EBB070EEC4BD1EA', 'Tony Eko F', 'Mahasiswa', '1109100485'),
('1109100486', '*9CE3CED1AA9C81D4FF9888DC346D042E50231A06', 'Khairul Umam ', 'Mahasiswa', '1109100486'),
('1109100487', '*39FC6C514695DE2717805947B16C181B79024B86', 'Duwi Setiyo Utomo', 'Mahasiswa', '1109100487'),
('1109100488', '*020AD3CA8FE52588CFAC806394F62BC0478C1EBD', 'Teguh Santoso', 'Mahasiswa', '1109100488'),
('1109100489', '*D3B223CA3A7C70BB39A605B9AF03AD7C6592304C', 'Mahmudsyah Idris Romy', 'Mahasiswa', '1109100489'),
('1109100490', '*12DBB5FCA5759F1EC2FE49FD72C34C8513846C1B', 'Franky Kurniawan A', 'Mahasiswa', '1109100490'),
('1109100492', '*D79DA34A0166EC85F35C959C0A4185220C0DA733', 'Syaiful Bahri', 'Mahasiswa', '1109100492'),
('1109100493', '*AFD1FCA1C46F43B8D27FBE52AD1CAB88555FB8F6', 'Utomo Mandala Putra', 'Mahasiswa', '1109100493'),
('1109100494', '*D951AAF0E315F392EEB864EE1DCE3156E46D0F8F', 'Hari Maryono', 'Mahasiswa', '1109100494'),
('1109100495', '*23CD050859D69E9E134D10BAF6E392173E1B3B84', 'Helli Iswanto', 'Mahasiswa', '1109100495'),
('1109100496', '*85ED97172C4E907E89111E27C35247D63783CAAB', 'Nur Huda', 'Mahasiswa', '1109100496'),
('1109100497', '*3C5BDBAFEAC7F9EB8AB5A0453B9B97077E16D9DB', 'Endina Putri A', 'Mahasiswa', '1109100497'),
('1109100498', '*B24CD8DA6104484EBDD35DEE6020D4A259E0110E', 'Hendi Citra Novia', 'Mahasiswa', '1109100498'),
('1109100499', '*48FD70F6E0A8CEA4C71698F5BC2FE71C3EEE7C9A', 'Sukron Maulana', 'Mahasiswa', '1109100499'),
('1109100500', '*6BD4F929324DD68B42DA28E8700FF154B27C950A', 'Susanti', 'Mahasiswa', '1109100500'),
('1109100501', '*5A14A4B598BE13BB3542500D7D79C1217A085929', 'Ahmad Furqon Abadi ', 'Mahasiswa', '1109100501'),
('1109100502', '*7B36E42A1A07CB86554E23847478F9BDE8761599', 'Debi Sasmito', 'Mahasiswa', '1109100502'),
('1109100503', '*1A8FDE1C7EDCC083FFC398DF6E3BC2DE21FDFA1F', 'Devi Faiqotul Azizah', 'Mahasiswa', '1109100503'),
('1109100504', '*5740D19719F1123262FE779D9A50A2999AD0EAD1', 'Vivi Icha A', 'Mahasiswa', '1109100504'),
('1109100505', '*6603134DE7E412D3BFF51F871DEA084F2C860E9A', 'Lenny Idiyasari', 'Mahasiswa', '1109100505'),
('1109100506', '*E0D0017A6A7B57941EF2324A39699F435D8643CB', 'Moh Alfian J', 'Mahasiswa', '1109100506'),
('1109100507', '*9B9B5FF446F9A7BC7C99D1A3DB9B9FC1811F1632', 'Sam Sapto Hadiwiyono', 'Mahasiswa', '1109100507'),
('1109100508', '*4A33F9BFC7CC9AB0B28FC70DAD0025F262B19B06', 'Yudit Tri Saputra Himawan', 'Mahasiswa', '1109100508'),
('1109100509', '*3E1ADE8911F15A4E485DC0C5C1D296A0F0F76D9E', 'Yusy Dwi Herwiyanto ', 'Mahasiswa', '1109100509'),
('1109100510', '*41B3BE3595D66693847AA634B95713E27ED7D374', 'Ridwan Subiyono', 'Mahasiswa', '1109100510'),
('1109100511', '*0ADAE81CF5EB3EAA06DA37B0314C0D32EB9D63E3', 'Ivan Surya Dilaga', 'Mahasiswa', '1109100511'),
('1109100512', '*DB48E3DF2B6AAE0679BE154AB79A451B214F9D67', 'Indah Purnama Sari', 'Mahasiswa', '1109100512'),
('1109100513', '*4AC6A8889F10A373BB4E9EF65FEC708CA8CBA66B', 'Davidson ', 'Mahasiswa', '1109100513'),
('1109100514', '*29A50FE6E3D6BF37F141813D39F6A557133A71FD', 'Muchammad Yusron Aminullah', 'Mahasiswa', '1109100514'),
('1109100515', '*1410C94B8D07A392C796CE0CB890B839A2C66358', 'Imam Asyari', 'Mahasiswa', '1109100515'),
('1109100516', '*3CA7C6B30B63A17F7121BF615A9C2858E7785CDF', 'Herman Hadi', 'Mahasiswa', '1109100516'),
('31040516', '*A63C3E862011E07AF20E79B4E2F302920BC5A3B4', 'Ahmad junaidi', 'Mahasiswa', '31040516'),
('31040517', '*20BCBFA10DEA1D54A12B534E6E4AF5296F5E0943', 'Ali Wafa', 'Mahasiswa', '31040517'),
('31040518', '*74F41F2156AF886B5A9E677B1CA0E472DC96BFF7', 'Asfuri', 'Mahasiswa', '31040518'),
('31040519', '*50EC5D05AD67870204CA63A75DC44F9CF5726F6C', 'Awig Prasetyanto', 'Mahasiswa', '31040519'),
('31040520', '*02277C2F43524EC861A6CBD8F86848F80D1276ED', 'Choiro Hidayanti', 'Mahasiswa', '31040520'),
('31040522', '*064D6045EB453F66D3672B79ADC73809A12293E0', 'Dewi Maherawati', 'Mahasiswa', '31040522'),
('31040524', '*D3836DB2C96C959D87A3036C3594C7990C634ADC', 'Eko Rusdianto Kurniawan', 'Mahasiswa', '31040524'),
('31040525', '*56A065F1941B55FE2654550C7F5EB1F2701FC2B5', 'Endhar Insan Setiary', 'Mahasiswa', '31040525'),
('31040528', '*1074EBD3073DC5F2E5FD29AF920EC1F91AE3B4B5', 'Kurniawan Habibi', 'Mahasiswa', '31040528'),
('31040531', '*A45A4A482865B7EF803EDFF39AAFC695D5750732', 'Rosidah', 'Mahasiswa', '31040531'),
('31040537', '*50BE0CACCF5D7DE0DFBB33FF99278AA90990A5B4', 'Rieky Dwi Setiawan', 'Mahasiswa', '31040537'),
('31040550', '*9964189D43AA7787D95F91E539EE88BCBC28F4BC', 'Moh. Ali', 'Mahasiswa', '31040550'),
('31040577', '*F48F15A5F22462BC5F48C13681857015EC18B665', 'Aris Sunandi', 'Mahasiswa', '31040577'),
('31040578', '*532EFED97DE8761D4890E291EFA3E236EA740C19', 'Eko Rayendra', 'Mahasiswa', '31040578'),
('31040602', '*B855E93FA52C5DB2371D5FD9B1A978B035A80050', 'Achmad Zaini', 'Mahasiswa', '31040602'),
('31050551', '*F285AB200004DEB4C9CF56EB874B63C8A1DC67A1', 'Abdul Rozak', 'Mahasiswa', '31050551'),
('31050552', '*B0019B01389DCB1AF9404814411D4370EFC1B959', 'Agus Supriyadi', 'Mahasiswa', '31050552'),
('31050553', '*3B6562C753F1A92F26FC57AA1796E8889FBF842B', 'Anton Dwi Susilo', 'Mahasiswa', '31050553'),
('31050554', '*3A3190C09102DD40BB01B7ED7F95AB94E1404074', 'Anwar Nuris', 'Mahasiswa', '31050554'),
('31050555', '*99DABE2EF92903812197C064F64E4B31BC202C1D', 'Bagus Ary Wibowo', 'Mahasiswa', '31050555'),
('31050556', '*C30DC60D92F5760B7806B5137ED21E68EC28D0ED', 'Bagus Sang Aji', 'Mahasiswa', '31050556'),
('31050557', '*F133C9BD0C930E0AB984B230E8B8718D3CAF5C1D', 'Brian Kaldera', 'Mahasiswa', '31050557'),
('31050558', '*494AA9386F185F2C87F4ABD6BED1AB3D8E6BE7CC', 'Diana Hadi', 'Mahasiswa', '31050558'),
('31050559', '*3F384201952F629B82E7AE0AFCC3D7F0D1EBCAC9', 'Didik Wahyudi', 'Mahasiswa', '31050559'),
('31050560', '*3673BE8E2C72CD71040C539887E97A91DDF26F1A', 'Faruk Alfiyan', 'Mahasiswa', '31050560'),
('31050561', '*BC4BE54A87731C410D5235F4EB4706FBFC48F75D', 'Ferdian Rokhmansyah', 'Mahasiswa', '31050561'),
('31050562', '*783282B7ADC1AA849D4F6E0E2C349DE1EF62385C', 'Kuswinarti Yuliana', 'Mahasiswa', '31050562'),
('31050563', '*DBF80F84BAA2D761E6B70E4DFAAF72AD4D919FF3', 'M. Fatulloh MS.', 'Mahasiswa', '31050563'),
('31050564', '*F1C00CAACF0E67F1FCFBFC6C41EE4EE7D5EEC818', 'Maulana Noer Indra', 'Mahasiswa', '31050564'),
('31050565', '*39821A1664CD45BB94D9DD185B64B3F2825E49D7', 'Muhammad Syaifullah', 'Mahasiswa', '31050565'),
('31050566', '*4D9C0F5B3C4228709020EBC69915BE9DAD3C6065', 'Muhammad Uzain  Al Umar', 'Mahasiswa', '31050566'),
('31050567', '*1E71A2BBD207BE5B7B75E44F864DA8131AC2CD26', 'Ninik Reniyanti', 'Mahasiswa', '31050567'),
('31050568', '*82B1F90DF7D788B315B289487B5D4A56ED948CBF', 'Nurrachmad Wahyu Tede', 'Mahasiswa', '31050568'),
('31050569', '*66A724F23DCBFC93A2DB0DBE52A13E6848BA4AF5', 'Retno Jamilatus Saadah', 'Mahasiswa', '31050569'),
('31050570', '*AC5704D76E4DCA2205EE3F929479C4B2C17D0E86', 'Selamet Hariyadi', 'Mahasiswa', '31050570'),
('31050571', '*CDCDB84064AF651379E194A033A5B9389C3F43DA', 'Shohibun Humaird', 'Mahasiswa', '31050571'),
('31050572', '*EC7F6909305370FBD21A6EDCBADC29680C617EA1', 'Suhariyanto', 'Mahasiswa', '31050572'),
('31050573', '*DCA6E72ABDFF7D5AA9BA06755C0921488C3CCCFD', 'Sulaibatul Aslamiyah', 'Mahasiswa', '31050573'),
('31050574', '*B5A8D91E0EBBA217778034597D76773C373183FA', 'Susiadi Sukandar Wahono', 'Mahasiswa', '31050574'),
('31050575', '*69809B06AA198663DD0B104F4CAC466F12A97F2D', 'Totok Wahyudi', 'Mahasiswa', '31050575'),
('31050576', '*FDE8052CE0416612B20FD3BA2F980C6976A6D109', 'Triyana Wahyuni', 'Mahasiswa', '31050576'),
('3106100581', '*94A010B75FE36DBBA2675E523E2060EF51C555B2', 'Ahmad Rofiqi', 'Mahasiswa', '3106100581'),
('3106100582', '*B4665B093268B989FF418F25D18C9B429CAE8FD3', 'Alek Susanto', 'Mahasiswa', '3106100582'),
('3106100583', '*D5CC353C26136C46724E7E3BDFF1864431BE8516', 'Dana Indrayana', 'Mahasiswa', '3106100583'),
('3106100584', '*75EC1100E1BD530F4ED02F16A7AADE0319DA22B1', 'Devita Eka Priyatna', 'Mahasiswa', '3106100584'),
('3106100585', '*140435E54D5EF22F7513A0FEF6FA6B868F7B9223', 'Eny Naswari Sih Lestari', 'Mahasiswa', '3106100585'),
('3106100588', '*F8D235CDF939568E34F649E254155C019D986DFF', 'Hadi Darmaji', 'Mahasiswa', '3106100588'),
('3106100589', '*AB411D86135D68C23A3EB396095B99070A93A590', 'Hermanto', 'Mahasiswa', '3106100589'),
('3106100592', '*F0142A34D4437E01623A783C52B8BB06868CFA4D', 'Mohammad Gojali', 'Mahasiswa', '3106100592'),
('3106100593', '*74EF9D8CF261B4958751C199573F98A7A7434296', 'Nofi Riyanti', 'Mahasiswa', '3106100593'),
('3106100594', '*E813858BE49D418A26A8F43D3E1B20326E67BED6', 'Novi Mas Nizar', 'Mahasiswa', '3106100594'),
('3106100595', '*ECA9886EC9EE1D3CF6B7EB570E1847A5326E6255', 'Prayitno', 'Mahasiswa', '3106100595'),
('3106100596', '*ED6E8225F5EBAB03D3D8CF70C9AC413F3B201C4B', 'Rina Ekawati', 'Mahasiswa', '3106100596'),
('3106100597', '*BA821EFA4E7FFE84260F9ADC8EED8ED0EE069670', 'Riza Aditta Putra', 'Mahasiswa', '3106100597'),
('3106100598', '*9A3AEEC91E3CD29D05E71A0F3807952798CE6D39', 'Rudi Hartono', 'Mahasiswa', '3106100598'),
('3106100599', '*A18587357364F33210DD13901891283D35827EAA', 'Setiyo Nugroho', 'Mahasiswa', '3106100599'),
('3106100600', '*CEB7BCCB6A87F7DDEDB317025C9DDF59A32DC0EC', 'Junaidi', 'Mahasiswa', '3106100600'),
('3106100601', '*CFCC0AD6283A96B78C6CC495B3329EEBCB821595', 'Moh. Zainul Arif', 'Mahasiswa', '3106100601'),
('3106100603', '*5A35CE4D12107696E6835C129B194255C0AB92F3', 'A. Rofiq', 'Mahasiswa', '3106100603'),
('3107100604', '*E27EEF06F73AC9EB35CCAFFBE84A7C54CC31328F', 'Lukman Hakim', 'Mahasiswa', '3107100604'),
('3107100605', '*EBA0D83142BA6CCCA40038B1C98F399A59AE6C97', 'Annisa Harida', 'Mahasiswa', '3107100605'),
('3107100606', '*E08EC566CF18F1264D47DC2C6D12ED9FA81A21B0', 'Dwi Lestari', 'Mahasiswa', '3107100606'),
('3107100607', '*5CB069BD59C3F8B34D7DD047B7874E105FF82C00', 'Novita Firdiawati', 'Mahasiswa', '3107100607'),
('3107100608', '*229354A3F2EEDB0E610DEC4FD8E3408E8D663246', 'Siti Mariyam', 'Mahasiswa', '3107100608'),
('3107100609', '*ABC627DF99D227BFED657632180DBA984C3B6D06', 'Mohamad Zainul Arief', 'Mahasiswa', '3107100609'),
('3107100610', '*30B40C61B2BABAF2D4FE43E1F2997D5547448346', 'Ricky Hermawan', 'Mahasiswa', '3107100610'),
('3107100611', '*B0A1FE2D29D9BC790553D08B97E9331289F8595E', 'Yeyen Ari Sukma', 'Mahasiswa', '3107100611'),
('3107100612', '*8803CE9EDED96A18542701374B4F655870382DE3', 'Lalu Muhammad Saleh', 'Mahasiswa', '3107100612'),
('3107100613', '*884372EFF8DD685EB974C49616AE0E5DFD43FB73', 'Hairul Umam', 'Mahasiswa', '3107100613'),
('3107100614', '*81B7A0A6CE01C18B180BF9BBB76208561A292123', 'Brenda Thohar D. C.', 'Mahasiswa', '3107100614'),
('3107100615', '*47BE069C1E2B530C72F9FE49757414DAEDA1AAD7', 'Akwam Andy Syamsuri', 'Mahasiswa', '3107100615'),
('3107100616', '*E1A4C8F5ED4B1F145058839DB6B3D1B6F75B3793', 'Nurul Hidayat', 'Mahasiswa', '3107100616'),
('3107100617', '*D045DA5EBF71A90197AE9BE2D61A3D3FBAF1F248', 'Ririn Puji Astuti', 'Mahasiswa', '3107100617'),
('3107100618', '*5F53CFCEBB43489499C535ACB0DD2FCBB668A472', 'Tri Indah Permatasari', 'Mahasiswa', '3107100618'),
('3107100619', '*C5402B282CF2FC5C9BD1B7F749B9A6A48B3B290A', 'Raydise Putri Astrianda', 'Mahasiswa', '3107100619'),
('3107100620', '*D87E3A2C1562CDC32CD6A10DB538823DB041F183', 'Hari Bangun Nuswantoro', 'Mahasiswa', '3107100620'),
('3107100621', '*C431205979153FD2F1ED4BC7E563F9AE96027E77', 'Merry Dwi Jayanti', 'Mahasiswa', '3107100621'),
('3107100622', '*B59D44CBDE96380334330B884E978012507E7158', 'Ida Susiana', 'Mahasiswa', '3107100622'),
('3107100623', '*E9CF3DD55B1DB2DF10EF04CF638670C6ED4B86FA', 'Adam Fatkhiy', 'Mahasiswa', '3107100623'),
('3107100624', '*EF01FF0A4F06570D29F8C324AAEE42D52537A8A6', 'Budi Hartono', 'Mahasiswa', '3107100624'),
('3107100625', '*00A97543D5389EA33A38CB0B795CD5EA997C0BA3', 'Yeni Kusumawati', 'Mahasiswa', '3107100625'),
('3107100626', '*697683F4DD45E3F4EBF20358BB0528C03CF2FBBC', 'Dian Krisdianto', 'Mahasiswa', '3107100626'),
('3107100627', '*D5F5BA2AE131F9FE4466C80B54BFA3C76B9FF260', 'Alfian Adinata', 'Mahasiswa', '3107100627'),
('3107100628', '*04C3058626FDEA98953D07627EE5DF02BFEE4B52', 'Aditiya Ambarawardhana', 'Mahasiswa', '3107100628'),
('3107100629', '*F8F8B6A46DD8E4F6D58E78767693383AB62A2C16', 'Novi Indah Wijayanti', 'Mahasiswa', '3107100629'),
('3107100630', '*E620F559E7A1BE29D40B8A6DBA89DA219CF49E14', 'Yopi Heru Prayogi', 'Mahasiswa', '3107100630'),
('3108000677', '*ACFC1D2C5AC933D2A02045A23D52B9A60C167B28', 'Miftahul Ulum', 'Mahasiswa', '3108000677'),
('3108100615', '*45FBF56FCF06C92216AD31D86D7B10DD67D461BD', '', 'Mahasiswa', '3108100615'),
('3108100631', '*64EEDD2834E2CC8C376CBE2CEE34B59C7567398F', 'Ahmad Bahori', 'Mahasiswa', '3108100631'),
('3108100632', '*EBE9FC41381FD63021704A68C1818418469CE66D', 'Ana Maria Sofiana', 'Mahasiswa', '3108100632'),
('3108100633', '*2A2BADBEC4B722AE08AC7B8CB6C6A02C35475324', 'Andre Michael Hugo Meyer', 'Mahasiswa', '3108100633'),
('3108100634', '*AE84AFC2A51C30986AA6C31388EF286EFD566D49', 'Ari Rizki Yusnitasari', 'Mahasiswa', '3108100634'),
('3108100635', '*DAFB1D42A84E27E8643289648E06CAEEB961F254', 'Arief Rachman', 'Mahasiswa', '3108100635'),
('3108100636', '*F5AD254B3329322FC0FF17E7B11F7A39A44C1E59', 'Asri Nurlatiefah Utami', 'Mahasiswa', '3108100636'),
('3108100637', '*FD2DD145CEC5F5298C166C0C030E8D06A778D404', 'Ayu Kartika Sari', 'Mahasiswa', '3108100637'),
('3108100638', '*F535229E1C2F558F8E3091AE5A0A26E375CCA222', 'Bambang Sutikno', 'Mahasiswa', '3108100638'),
('3108100639', '*D180B691F3B68CCF93D644A7CDA3911DFAD39B7C', 'Davian Indra Wijaya', 'Mahasiswa', '3108100639'),
('3108100640', '*675B50F26C16593A5B08AAFCC8E149EF8505A480', 'Dwi Pramono', 'Mahasiswa', '3108100640'),
('3108100641', '*597055D9EE41DEC3AEE370980C002A475181991B', 'Dwi Septianita Wati', 'Mahasiswa', '3108100641'),
('3108100642', '*D7D44B7CD214DC2C69E3429E411C9C73E274F5DB', 'Dwika Nurwangita', 'Mahasiswa', '3108100642'),
('3108100643', '*CA564E98FCE8080D5AC2D2CD33F506D0EF45E858', 'Eka Retna Asih', 'Mahasiswa', '3108100643'),
('3108100644', '*B6F3CECB99D770F38E1DD1CC6C5B6DF25E91380D', 'Eka Wulandari', 'Mahasiswa', '3108100644'),
('3108100645', '*4BF769F60C7D86770BAB2915886C8B7D19F46D37', 'Eko Herdiyanto', 'Mahasiswa', '3108100645'),
('3108100646', '*1C8A19A80C10A866ED27738E5158A4F971F9DECC', 'Eliza Wati', 'Mahasiswa', '3108100646'),
('3108100647', '*3AE57E12696970CEF5F31596A73FFE3402D79C24', 'Ernawati', 'Mahasiswa', '3108100647'),
('3108100648', '*3C067ADF0E99A4C3B3455A1F1E1B949BB5C0FC83', 'Farida Trisilawati', 'Mahasiswa', '3108100648'),
('3108100649', '*81E782C497BF69F0CD6FE9374B4CC99C7E916F9D', 'Hendy Ahmad Habiby', 'Mahasiswa', '3108100649'),
('3108100650', '*B7EA2366FBC1158A42AB49B80F5CF95BF3F787DF', 'Heni Istriyaningsih', 'Mahasiswa', '3108100650'),
('3108100651', '*D2BDD344840BDA9712A4932C7B8611FF6DE3CAA3', 'Ike Stoviana Poetri', 'Mahasiswa', '3108100651'),
('3108100652', '*82187F608FF8BCB15CB50F3657D327659F57D5E2', 'Intan Wulandari', 'Mahasiswa', '3108100652'),
('3108100653', '*AE303FBE8553BAF04FE639640392D49D1D3635A8', 'Ivan Kurniawan', 'Mahasiswa', '3108100653'),
('3108100654', '*69DDD265D44EE44AB7A59A51440582F737028C49', 'Jufri Hafiki', 'Mahasiswa', '3108100654'),
('3108100655', '*8E754E2979E79A962B32290554CA8F0DD9A26374', 'Lena Ari Agustin', 'Mahasiswa', '3108100655'),
('3108100656', '*A096E6355E59D865FFFFBC38F24EBC1CF0B6B6F9', 'Moh Abdi Anshorullah', 'Mahasiswa', '3108100656'),
('3108100657', '*34CAB8EAFFCD57055906627F53DC63EC28E212C0', 'Neidia Fatma Prasanti', 'Mahasiswa', '3108100657'),
('3108100658', '*02F222DD46AE7644A620D8DA015866CE1E2C53D8', 'Novita Jayanti', 'Mahasiswa', '3108100658'),
('3108100659', '*F45B39CBBB709CB8BBF8195C892B7F5D85A8CB4C', 'R Sulaeman Effendi', 'Mahasiswa', '3108100659'),
('3108100660', '*B9CAA4EC508B77FB2C94837957D997DF0FE0C635', 'Rohman', 'Mahasiswa', '3108100660'),
('3108100661', '*5DEFF2801C3CDE2C346F8CD8054BD32695C330D3', 'Sholehudin', 'Mahasiswa', '3108100661'),
('3108100662', '*6091AAC0BAB34B6326A23219DA556A0ED079A1A8', 'Siti Nurliati', 'Mahasiswa', '3108100662'),
('3108100663', '*7789F9E07F9A2A64973C8667849FCBD823D1804C', 'Sugi Makmur Nanita ', 'Mahasiswa', '3108100663'),
('3108100664', '*7A137DE8DE668139CE35C5807DE4D7B4A0D01F4C', 'Sutra Kurniawati', 'Mahasiswa', '3108100664'),
('3108100665', '*72AF74AFD6FE88066D67C02A8D9B77DB89BA6E09', 'Tri Farida', 'Mahasiswa', '3108100665'),
('3108100666', '*2DEBF89DD2BC67F04960DCB3AED452DB5DAABFF8', 'Wiwik Puspitasari', 'Mahasiswa', '3108100666'),
('3108100667', '*7F46444450220692C29446645C417ABAFA46F436', 'Yudi Kurniawan', 'Mahasiswa', '3108100667'),
('3108100668', '*F85D070B8F2A80D41EBC7B718F444D58C298E028', 'Prakas Tian Valentino', 'Mahasiswa', '3108100668'),
('3108100669', '*EC2B59BC38494A304A32B17D837188B2C8B05EE3', 'Friska Mayangsari', 'Mahasiswa', '3108100669'),
('3108100670', '*32FA28E36E43C6F339C9C0BA94D6A69AED63D6A5', 'Kamila', 'Mahasiswa', '3108100670'),
('3108100671', '*92C3FA5C8CC97FCA2B16DF861C9FF2CE0504ED5E', 'Eny Suprapti', 'Mahasiswa', '3108100671'),
('3108100672', '*FE38B880D5DE85D195FC4D4B6B5DA53BBC6C18DE', 'Imelda Putri Febriana', 'Mahasiswa', '3108100672'),
('3108100673', '*ED47BFE07B07F2BC7DDD23528375385721EBB9A8', 'Firman Yulianto', 'Mahasiswa', '3108100673'),
('3108100674', '*9EDE56B50CF8D288117F7BE49DC6C8E003F8B021', 'Kiki Pahlevi', 'Mahasiswa', '3108100674'),
('3108100675', '*30F4B90CAE35A82129EB7AD6D5E97D1CD357FF7B', 'Andhi Jeksono', 'Mahasiswa', '3108100675'),
('3108100676', '*7BD8AC298D3D1CB7F0B33270245F811BDC27E6E9', 'Reni Hanggarani', 'Mahasiswa', '3108100676'),
('3109000677', '*ECCC0F0FCA9214A144E8378A3BC8109C2F2CE4F3', 'Abdul Hadi', 'Mahasiswa', '3109000677'),
('3109100678', '*0E82DA281371AFF9C8F87AA0E75B10E0427998FC', 'Cinta Utami P', 'Mahasiswa', '3109100678'),
('3109100679', '*E6B4203FBEECD50C5BEE4021D7DFCA264C8C759D', 'Sulaiman', 'Mahasiswa', '3109100679'),
('3109100680', '*358EC0498579D4C2B8A7FD64B2BA480A2FFBC49B', 'Andhika Maulana ', 'Mahasiswa', '3109100680'),
('3109100681', '*57F35E8BE701743B7B784D036C8A82084EE6FC6F', 'Leonardo B.P', 'Mahasiswa', '3109100681'),
('3109100682', '*18373E810253134A4B44409AAC8A0995A8981ED7', 'Putri Agustin Widiati ', 'Mahasiswa', '3109100682'),
('3109100683', '*51908D13767C9AF0EA070F874A9D0A738B5F04A0', 'Sintiya Fauzi', 'Mahasiswa', '3109100683'),
('3109100684', '*345ABEB13890706998E268B8FA2D4355C268228B', 'Heri Yono', 'Mahasiswa', '3109100684'),
('3109100685', '*8B719803C8F7DB1CE81984ED28F06A12C8575681', 'Eva Dwi Nurlita', 'Mahasiswa', '3109100685'),
('3109100686', '*B2363013C34EE9F8C24350E47000FDEC3E7546B0', 'Agus Sugiarto', 'Mahasiswa', '3109100686'),
('3109100687', '*2F9246A722FC6DCB7754564B1823049806EB02CD', 'Erick Surya Mada', 'Mahasiswa', '3109100687'),
('3109100688', '*86B90852139141ECD195EDC1C0D8B09091D67582', 'Dina Fafiana', 'Mahasiswa', '3109100688'),
('3109100689', '*93959B76BD142A9101CCC426F3917E67E0FA7226', 'Hefi Ermawati', 'Mahasiswa', '3109100689'),
('3109100690', '*ECCA2AB1990B2875A0A530E1025BA91B73E8F0DE', 'Ety Okta Suryani', 'Mahasiswa', '3109100690'),
('3109100691', '*E39CE95A5DAD06E6A8F983C3AB7E3783A6817CB9', 'Asep Didin', 'Mahasiswa', '3109100691'),
('3109100692', '*748E0D9EEC323E60205FA87A4597BEAEA7DBF500', 'Atik Karlina', 'Mahasiswa', '3109100692'),
('3109100693', '*216F0D574FD3E653E7929848978384DE84D340B4', 'Wahyu Fitria Apriliansyah ', 'Mahasiswa', '3109100693'),
('3109100694', '*EA486282FC26A9008F435B85230D540C462E2C16', 'Titis Antisa', 'Mahasiswa', '3109100694'),
('3109100695', '*4750B9A1C55BB90FF7326207FEB0CA5030ACDD2B', 'Nur Siami', 'Mahasiswa', '3109100695'),
('3109100696', '*B3DB8778F82DDC73B8C3917E038047AE0A80DFF2', 'Yuli Indrayana Mahardika', 'Mahasiswa', '3109100696'),
('3109100697', '*C14473AE152954D2686BC19199240FDC8D5ED051', 'Suprapti Anggraini', 'Mahasiswa', '3109100697'),
('3109100698', '*F5338D192E6AB4837A95B2F27FAD565C27A78E0E', 'Moch Amin Siddiq', 'Mahasiswa', '3109100698'),
('3109100699', '*E0D29CAA00D1DA02867050799162004B42088644', 'Dito Kurniyadi', 'Mahasiswa', '3109100699'),
('3109100700', '*4999BB52B7077DD2455E33233A418B25A05323BC', 'Fikri Agham Hakiki', 'Mahasiswa', '3109100700'),
('3109100701', '*6AB30DB5C5418272F441BA599864FB23570D0297', 'Dian Rahmawati ', 'Mahasiswa', '3109100701'),
('3109100702', '*9F7F01B3484431764F8E8A0AB205756B1039554A', 'Septi Wulandari', 'Mahasiswa', '3109100702'),
('3109100703', '*0DA504395F740E7C63992AC924FC26BD8BA022A7', 'Hery Setiawan', 'Mahasiswa', '3109100703'),
('3109100704', '*CA1CB52E8B4AC8B448CB16A05D66BF149676153E', 'Patria Kusumajati', 'Mahasiswa', '3109100704'),
('3109100705', '*1EB45DA477DD9B58C302B1041CA040D45D8554CB', 'Andy Himawan', 'Mahasiswa', '3109100705'),
('3109100706', '*DC50FF0BC03BBEC996522E1637D37BE9205D19D3', 'Siswanto', 'Mahasiswa', '3109100706'),
('3109100707', '*B6656903271F041E4F0D063ABC439B4FBCD869E7', 'M Nurudin', 'Mahasiswa', '3109100707'),
('3109100708', '*CD9875F66BE1605C9A41342C5D42B5E4E4172423', 'Sudarmini', 'Mahasiswa', '3109100708'),
('3109100709', '*61D3966CE33D4B9B3292408F11D59832812E8905', 'Siti Widayati DL', 'Mahasiswa', '3109100709'),
('3109100710', '*FC59CD09BC95B3187792D573BE0FFD84ECC2423D', 'Ida Ratna Santi', 'Mahasiswa', '3109100710'),
('3109100711', '*725A00C0305075748AD61278FEE69100CCE97D83', 'Tutik Pratama Yanti', 'Mahasiswa', '3109100711'),
('3109100712', '*4F955D7DE7613F01D781AC5C8483F654793572EB', 'Vidia Endang I', 'Mahasiswa', '3109100712'),
('3109100713', '*16AE7F3497149828E7522DB3712EEF54A0C90A5F', 'Sukron Makmun H', 'Mahasiswa', '3109100713'),
('3109100714', '*85CFFC897387ABE58AE79492AF228E5EF76D40F8', 'Ibnu Salaf', 'Mahasiswa', '3109100714'),
('3109100715', '*6FF1FF509ED00907E953E6FAF355699D6327BE40', 'Lutfi Hakim', 'Mahasiswa', '3109100715'),
('3109100716', '*535F00686E84CC2858F44A8ACD535B063F69416B', 'Dian Rosida', 'Mahasiswa', '3109100716'),
('3109100717', '*A278E4DE11BB85D0C170FB39A45A09578D423620', 'Moh Nuris Sofyan', 'Mahasiswa', '3109100717'),
('3109100718', '*FC8916840384F2B195E39AA6EA35808CE87FE14A', 'Rosfita Romadhani', 'Mahasiswa', '3109100718'),
('3109100719', '*B94A5C74B980433E1E719F568DEF5C3D956A435D', 'Dewi Purwati', 'Mahasiswa', '3109100719'),
('3109100720', '*1C370AA985352431A5FED8BEB793A07304785565', 'Erma Hidayati', 'Mahasiswa', '3109100720'),
('3109100721', '*2ACCDE6023EEE3E7AB2598F68DB41B8498BBB94A', 'Anang Maruf', 'Mahasiswa', '3109100721'),
('3109100722', '*AB8A5BF4C676A258EEC2D018FA21CD0402040380', 'Niersa Marga Sulistiyanto ', 'Mahasiswa', '3109100722'),
('3109100723', '*5B21B174A48654A277D0A21DC434077CEB13817C', 'Yuyun Susilawati', 'Mahasiswa', '3109100723'),
('3109100724', '*A590F0D83E82A45D0A4857A46171D54F573BE48E', 'Kukuh Budi Satrio', 'Mahasiswa', '3109100724'),
('3109100725', '*519AB6D4CFE18EFC80F1BE424740BDF194DB65E0', 'Moh Syahril', 'Mahasiswa', '3109100725'),
('3109100726', '*252E4B7FAFECE6E1FFD2EA08789B31D3F281A947', 'Rini Siti Rokaya', 'Mahasiswa', '3109100726'),
('3109100727', '*8776C8BD0C3EDF99EC553FA89D6070A98FBD6CE9', 'Erwin Agus Sugianto', 'Mahasiswa', '3109100727'),
('3109100728', '*246507203824BA2B6307814DD5D93053E8CF61A8', 'Yunda Ardianingrum', 'Mahasiswa', '3109100728'),
('anam', '*91F7EA6036A04AC3DABBFE0480A01AA27F053CED', 'H. Chairul Anam, SE', 'PA', '0005'),
('dedi', '*EB843EC8306F24E29F211198F55C4B09E7183AA1', 'Drs. Mohamad Dedi', 'PA', '0002'),
('dwi', '*8A17C7CA5005815A9161F0F7DE4F3078A48A0106', 'Dwi Yulian RL, S.Kom', 'PA', '0008'),
('hadiq', '*9131276CE8B10303E2A8E72FF0E733BA596A8F54', 'Hadiq, ST', 'PA', '0006'),
('iman', '77985b0f590e8f7a', 'Iman Santoso, SE, MM', 'PA', '0004'),
('najib', '*99CD900F16CE3F2686E060F2817DB7A21055E33E', 'Ir. H. Moch Najib, MM', 'PA', '0003'),
('rudi', '*3C2F52C34E975CDCBFF2C9F58A076155AEDDB6E5', 'Rudi Hartono, SE', 'PA', '0013'),
('tintin', '*3C04FBB4AE79ED3C4FAD30946B94904D1CA0ACFB', 'Tintin Harlina, S.Kom', 'PA', '0009'),
('yoyon', '*0E2629FFB245BFDF78438894C8702E1CD0092FA8', 'Yoyon Arie Budi, ST', 'PA', '0023'),
('admin', '*4ACFE3202A5FF5CF467898FC58AAB1D615029441', 'Administrator', 'admin', 'admin');

-- --------------------------------------------------------

--
-- Table structure for table `tblmhs`
--

CREATE TABLE IF NOT EXISTS `tblmhs` (
  `nim` varchar(10) NOT NULL DEFAULT '0',
  `nama` varchar(40) NOT NULL DEFAULT '0',
  `angkatan` varchar(4) NOT NULL DEFAULT '0',
  `jurusan` varchar(25) NOT NULL DEFAULT '0',
  `program` varchar(10) DEFAULT NULL,
  `jumlah_mk` int(2) NOT NULL,
  `jumlah_isi` int(2) NOT NULL,
  PRIMARY KEY (`nim`),
  UNIQUE KEY `nim` (`nim`),
  KEY `nim_2` (`nim`)
) ENGINE=MyISAM DEFAULT CHARSET=latin1;

--
-- Dumping data for table `tblmhs`
--

INSERT INTO `tblmhs` (`nim`, `nama`, `angkatan`, `jurusan`, `program`, `jumlah_mk`, `jumlah_isi`) VALUES
('1106000002', 'Bayu Pandu Wibisono', '2006', 'Teknik Informatika', 'sore', 0, 0),
('1106000003', 'Daniel Didiek HS', '2006', 'Teknik Informatika', 'sore', 0, 0),
('1106000004', 'Dina Ratnasari', '2006', 'Teknik Informatika', 'sore', 0, 0),
('1106000005', 'Dodiek Adianto', '2006', 'Teknik Informatika', 'sore', 0, 0),
('1106000006', 'Dwi Wahyu Dian Savitri', '2006', 'Teknik Informatika', 'sore', 0, 0),
('1106000007', 'Dzaki', '2006', 'Teknik Informatika', 'sore', 0, 0),
('1106000008', 'Eko Setiyono', '2006', 'Teknik Informatika', 'sore', 0, 0),
('1106000009', 'Etik Kus Endang', '2006', 'Teknik Informatika', 'sore', 0, 0),
('1106000010', 'Eva Zulfiayah Manshur', '2006', 'Teknik Informatika', 'sore', 0, 0),
('1106000011', 'Hairul Waritsin', '2006', 'Teknik Informatika', 'sore', 0, 0),
('1106000012', 'Hari Yanto', '2006', 'Teknik Informatika', 'sore', 0, 0),
('1106000013', 'Hariyanto', '2006', 'Teknik Informatika', 'sore', 0, 0),
('1106000014', 'Haykal', '2006', 'Teknik Informatika', 'sore', 0, 0),
('1106000015', 'Yayuk Sri Rahayu', '2006', 'Teknik Informatika', 'sore', 0, 0),
('1106000016', 'Istupik', '2006', 'Teknik Informatika', 'sore', 0, 0),
('1106000017', 'Ivan Rachmawan', '2006', 'Teknik Informatika', 'sore', 0, 0),
('1106000018', 'Lilik Wahyuni', '2006', 'Teknik Informatika', 'sore', 0, 0),
('1106000019', 'Mauris Hidayatur Rochman', '2006', 'Teknik Informatika', 'sore', 0, 0),
('1106000020', 'Purbo Cahyono', '2006', 'Teknik Informatika', 'sore', 0, 0),
('1106000021', 'Riza Faishol', '2006', 'Teknik Informatika', 'sore', 0, 0),
('1106000022', 'Rizal Kurnia Vitalis', '2006', 'Teknik Informatika', 'sore', 0, 0),
('1106000023', 'Rizka Taurina Rachmawati', '2006', 'Teknik Informatika', 'sore', 0, 0),
('1106000024', 'Sadikin', '2006', 'Teknik Informatika', 'sore', 0, 0),
('1106000025', 'Solehatin', '2006', 'Teknik Informatika', 'sore', 0, 0),
('1106000026', 'Sunarto', '2006', 'Teknik Informatika', 'sore', 0, 0),
('1106000027', 'Syaihul Bahri', '2006', 'Teknik Informatika', 'sore', 0, 0),
('1106000028', 'Taufik Saleh', '2006', 'Teknik Informatika', 'sore', 0, 0),
('1106000029', 'Tri Cipto Handoko', '2006', 'Teknik Informatika', 'sore', 0, 0),
('1106000030', 'Lhody Yulianto', '2006', 'Teknik Informatika', 'sore', 0, 0),
('1106000031', 'Djuniharto', '2006', 'Teknik Informatika', 'sore', 0, 0),
('1106000600', 'Junaidi', '2006', 'Teknik Informatika', 'sore', 0, 0),
('1106100032', 'Agus Sofyan Hadi', '2006', 'Teknik Informatika', 'sore', 0, 0),
('1106100033', 'Ahmad Ayatulloh Isa', '2006', 'Teknik Informatika', 'sore', 0, 0),
('1106100035', 'Astantri Andyka W.', '2006', 'Teknik Informatika', 'sore', 0, 0),
('1106100036', 'Bayu Surya Novita Putra', '2006', 'Teknik Informatika', 'sore', 0, 0),
('1106100037', 'Brighta Stareast', '2006', 'Teknik Informatika', 'sore', 0, 0),
('1106100038', 'Camilia Siska', '2006', 'Teknik Informatika', 'sore', 0, 0),
('1106100039', 'Chairul Anam', '2006', 'Teknik Informatika', 'sore', 0, 0),
('1106100040', 'Chandra Siswa', '2006', 'Teknik Informatika', 'sore', 0, 0),
('1106100041', 'Dewi Wijayanti', '2006', 'Teknik Informatika', 'sore', 0, 0),
('1106100042', 'Dwi Handayani', '2006', 'Teknik Informatika', 'sore', 0, 0),
('1106100043', 'Dyah Kumala Dewi', '2006', 'Teknik Informatika', 'sore', 0, 0),
('1106100044', 'Erlita Novika Retnowati', '2006', 'Teknik Informatika', 'sore', 0, 0),
('1106100045', 'Erwin Kurniawan', '2006', 'Teknik Informatika', 'sore', 0, 0),
('1106100046', 'Firda Ulfiana', '2006', 'Teknik Informatika', 'sore', 0, 0),
('1106100047', 'Hari Kurniawan', '2006', 'Teknik Informatika', 'sore', 0, 0),
('1106100048', 'Hary Sutanto', '2006', 'Teknik Informatika', 'sore', 0, 0),
('1106100049', 'Haryono Nusaputra P.', '2006', 'Teknik Informatika', 'sore', 0, 0),
('1106100050', 'Hidayatul Mursidi', '2006', 'Teknik Informatika', 'sore', 0, 0),
('1106100051', 'I Wayan Arnata Yasa', '2006', 'Teknik Informatika', 'sore', 0, 0),
('1106100052', 'I''in Indrawasih R.', '2006', 'Teknik Informatika', 'sore', 0, 0),
('1106100053', 'Imam Lutfiadi', '2006', 'Teknik Informatika', 'sore', 0, 0),
('1106100055', 'Imam Muslim', '2006', 'Teknik informatika', 'sore', 0, 0),
('1106100056', 'Indah Kusumaningtyas', '2006', 'Teknik Informatika', 'sore', 0, 0),
('1106100057', 'Irma Agustina Zulfa', '2006', 'Teknik Informatika', 'sore', 0, 0),
('1106100058', 'Istianah', '2006', 'Teknik Informatika', 'sore', 0, 0),
('1106100060', 'Maya Masita Rosalina', '2006', 'Teknik Informatika', 'sore', 0, 0),
('1106100061', 'Meydiarno', '2006', 'Teknik Informatika', 'sore', 0, 0),
('1106100062', 'Misyati', '2006', 'Teknik informatika', 'sore', 0, 0),
('1106100063', 'Mohammad Afandi', '2006', 'Teknik Informatika', 'sore', 0, 0),
('1106100064', 'Mohammad Sukman Hadi', '2006', 'Teknik Informatika', 'sore', 0, 0),
('1106100065', 'Muhammad Furqon', '2006', 'Teknik Informatika', 'sore', 0, 0),
('1106100067', 'Novrida Mafirungkas', '2006', 'Teknik Informatika', 'sore', 0, 0),
('1106100068', 'Nur Hadi', '2006', 'Teknik Informatika', 'sore', 0, 0),
('1106100069', 'Nuri Tristanti', '2006', 'Teknik Informatika', 'sore', 0, 0),
('1106100070', 'Nurul Kholilah', '2006', 'Teknik Informatika', 'sore', 0, 0),
('1106100071', 'Putu Surya Atmaja Bukian', '2006', 'Teknik Informatika', 'sore', 0, 0),
('1106100072', 'Ratih Ramanita', '2006', 'Teknik Informatika', 'sore', 0, 0),
('1106100073', 'Rhandy Haris Rahmat', '2006', 'Teknik Informatika', 'sore', 0, 0),
('1106100074', 'Samsul Arifin', '2006', 'Teknik Informatika', 'sore', 0, 0),
('1106100075', 'Sandy Pramono', '2006', 'Teknik Informatika', 'sore', 0, 0),
('1106100076', 'Sugiyarti', '2006', 'Teknik Informatika', 'sore', 0, 0),
('1106100077', 'Ulva Azizah', '2006', 'Teknik Informatika', 'sore', 0, 0),
('1106100078', 'Ziaul Aulia Fauzi', '2006', 'Teknik Informatika', 'sore', 0, 0),
('1106100079', 'Kikih Okania', '2006', 'Teknik Informatika', 'sore', 0, 0),
('1106100080', 'Gilang Indra Purnama', '2006', 'Teknik Informatika', 'sore', 0, 0),
('1106100081', 'Herman Hadi', '2006', 'Teknik Informatika', 'sore', 0, 0),
('1106100082', 'Martha Dany Esa', '2006', 'Teknik Informatika', 'sore', 0, 0),
('1106100083', 'Alfiyan Tino', '2006', 'Teknik Informatika', 'sore', 0, 0),
('1107000168', 'Khairul Fajar', '2007', 'Teknik Informatika', 'pagi', 0, 0),
('1107000169', 'Yosi Septianto', '2007', 'Teknik Informatika', 'sore', 0, 0),
('1107000170', 'Dinal Umar', '2007', 'Teknik Informatika', 'sore', 0, 0),
('1107000171', 'Sony Panca Budiarto', '2007', 'Teknik Informatika', 'sore', 0, 0),
('1107000172', 'Ida Royani', '2007', 'Teknik Informatika', 'sore', 0, 0),
('1107000173', 'Muhammad Masud Zain', '2007', 'Teknik Informatika', 'sore', 0, 0),
('1107000174', 'Imam Syafii', '2007', 'Teknik Informatika', 'sore', 0, 0),
('1107000175', 'Muhammad Sauqi', '2007', 'Teknik Informatika', 'sore', 0, 0),
('1107000176', 'Achmad Islahi', '2007', 'Teknik Informatika', 'sore', 0, 0),
('1107000177', 'Hari Yanto', '2007', 'Teknik Informatika', 'sore', 0, 0),
('1107000178', 'Yudi Heri Yulianto', '2007', 'Teknik Informatika', 'sore', 0, 0),
('1107000179', 'Chairul Anam', '2007', 'Teknik Informatika', 'sore', 0, 0),
('1107000180', 'Dian Aries Firduasi', '2007', 'Teknik Informatika', 'sore', 0, 0),
('1107000181', 'Rohmat', '2007', 'Teknik Informatika', 'sore', 0, 0),
('1107000182', 'Djuniharto', '2007', 'Teknik Informatika', 'sore', 0, 0),
('1107000183', 'Rudi Hartono', '2007', 'Teknik Informatika', 'sore', 0, 0),
('1107000184', 'Prayogi Adinoto', '2007', 'Teknik Informatika', 'sore', 0, 0),
('1107000185', 'Hadi Pranowo', '2007', 'Teknik Informatika', 'sore', 0, 0),
('1107000186', 'Yuli Didik', '2007', 'Teknik Informatika', 'sore', 0, 0),
('1107000188', 'Ruli Widyatmoko', '2007', 'Teknik Informatika', 'sore', 0, 0),
('1107100084', 'Ahmad Ahyar', '2007', 'Teknik Informatika', 'pagi', 0, 0),
('1107100085', 'Abdul Haris Hairu', '2007', 'Teknik Informatika', 'sore', 0, 0),
('1107100086', 'Rachmat Amienullah', '2007', 'Teknik Informatika', 'pagi', 0, 0),
('1107100087', 'Anwar Sadat', '2007', 'Teknik Informatika', 'sore', 0, 0),
('1107100088', 'Ali Sadikin', '2007', 'Teknik Informatika', 'sore', 0, 0),
('1107100089', 'Mohamad Arief', '2007', 'Teknik Informatika', 'sore', 0, 0),
('1107100090', 'Wahyu Adi Kartika', '2007', 'Teknik Informatika', 'pagi', 0, 0),
('1107100091', 'Dinul Maulidin', '2007', 'Teknik Informatika', 'sore', 0, 0),
('1107100092', 'Edi Purnomo', '2007', 'Teknik Informatika', 'pagi', 0, 0),
('1107100093', 'Yuly Anita Rahayu', '2007', 'Teknik Informatika', 'sore', 0, 0),
('1107100094', 'Sofiyah', '2007', 'Teknik Informatika', 'sore', 0, 0),
('1107100095', 'Fitroh Kumaladewi Nuraini', '2007', 'Teknik Informatika', 'sore', 0, 0),
('1107100096', 'Erni Sukmawati', '2007', 'Teknik Informatika', 'sore', 0, 0),
('1107100097', 'Trisna Handoko', '2007', 'Teknik Informatika', 'pagi', 0, 0),
('1107100098', 'Yudi Kurniawan', '2007', 'Teknik Informatika', 'pagi', 0, 0),
('1107100099', 'Nisaa Biruwalidaia Q.', '2007', 'Teknik Informatika', 'sore', 0, 0),
('1107100100', 'Rini Rosdiati', '2007', 'Teknik Informatika', 'sore', 0, 0),
('1107100101', 'Rio Arisandy', '2007', 'Teknik Informatika', 'sore', 0, 0),
('1107100102', 'Franky Parwisa', '2007', 'Teknik Informatika', 'pagi', 0, 0),
('1107100103', 'Dewi Agustina', '2007', 'Teknik Informatika', 'pagi', 0, 0),
('1107100104', 'Prayogo Budi Hartono', '2007', 'Teknik Informatika', 'sore', 0, 0),
('1107100105', 'Nicky Garadika', '2007', 'Teknik Informatika', 'pagi', 0, 0),
('1107100106', 'Ilham Wahyudi', '2007', 'Teknik Informatika', 'sore', 0, 0),
('1107100107', 'Slamet Idilfitri', '2007', 'Teknik Informatika', 'sore', 0, 0),
('1107100108', 'Hanim', '2007', 'Teknik Informatika', 'sore', 0, 0),
('1107100109', 'Haerul Mufit', '2007', 'Teknik Informatika', 'sore', 0, 0),
('1107100110', 'Muhammad', '2007', 'Teknik Informatika', 'sore', 0, 0),
('1107100111', 'Andi Soemantoro', '2007', 'Teknik Informatika', 'sore', 0, 0),
('1107100112', 'Andhika Putra Herl.', '2007', 'Teknik Informatika', 'sore', 0, 0),
('1107100113', 'Aris Ardianto', '2007', 'Teknik Informatika', 'sore', 0, 0),
('1107100114', 'Lian Bagus Febrianto', '2007', 'Teknik Informatika', 'pagi', 0, 0),
('1107100115', 'Dany Eka Fajrian', '2007', 'Teknik Informatika', 'pagi', 0, 0),
('1107100116', 'Danny Sulistiyawan', '2007', 'Teknik Informatika', 'pagi', 0, 0),
('1107100117', 'Wanik Solina', '2007', 'Teknik Informatika', 'sore', 0, 0),
('1107100118', 'Teguh Prayitno', '2007', 'Teknik Informatika', 'pagi', 0, 0),
('1107100119', 'Arga Busliananda', '2007', 'Teknik Informatika', 'pagi', 0, 0),
('1107100120', 'Arif Darmawan', '2007', 'Teknik Informatika', 'pagi', 0, 0),
('1107100121', 'Eky Lutfy Permitasari', '2007', 'Teknik Informatika', 'sore', 0, 0),
('1107100122', 'Andy Kurniawan', '2007', 'Teknik Informatika', 'sore', 0, 0),
('1107100123', 'Fuad Ansori', '2007', 'Teknik Informatika', 'sore', 0, 0),
('1107100124', 'Alfan Ardyansyah', '2007', 'Teknik Informatika', 'sore', 0, 0),
('1107100125', 'Imam Bukhori', '2007', 'Teknik Informatika', 'pagi', 0, 0),
('1107100126', 'Agus Romdloni', '2007', 'Teknik Informatika', 'sore', 0, 0),
('1107100127', 'Eko Pujiono', '2007', 'Teknik Informatika', 'pagi', 0, 0),
('1107100128', 'Hendrica Etmi Primarini', '2007', 'Teknik Informatika', 'sore', 0, 0),
('1107100129', 'Sunarno', '2007', 'Teknik Informatika', 'sore', 0, 0),
('1107100130', 'Lailatul Isro`iyyah', '2007', 'Teknik Informatika', 'sore', 0, 0),
('1107100131', 'Havied Noerdiansyah', '2007', 'Teknik Informatika', 'pagi', 0, 0),
('1107100132', 'Nanang Firman Syah', '2007', 'Teknik Informatika', 'pagi', 0, 0),
('1107100133', 'Ishak Efendi', '2007', 'Teknik Informatika', 'sore', 0, 0),
('1107100134', 'Muhamad Romadona M.', '2007', 'Teknik Informatika', 'pagi', 0, 0),
('1107100135', 'Yoseph Catur Setiyawan', '2007', 'Teknik Informatika', 'sore', 0, 0),
('1107100136', 'Zaenul Arifin', '2007', 'Teknik Informatika', 'pagi', 0, 0),
('1107100137', 'Risca Novi AnggraenY', '2007', 'Teknik Informatika', 'pagi', 0, 0),
('1107100138', 'Achmad Arif Solehudin', '2007', 'Teknik Informatika', 'pagi', 0, 0),
('1107100139', 'Qirodlotul Imat', '2007', 'Teknik Informatika', 'pagi', 0, 0),
('1107100140', 'Martha Fajrin Suci R.', '2007', 'Teknik Informatika', 'pagi', 0, 0),
('1107100141', 'Alfian Arief Ermawan', '2007', 'Teknik Informatika', 'sore', 0, 0),
('1107100142', 'Indra Hari Sandi', '2007', 'Teknik Informatika', 'pagi', 0, 0),
('1107100143', 'Mega Putri Rahayu', '2007', 'Teknik Informatika', 'pagi', 0, 0),
('1107100144', 'Endhar Taufani Martyn', '2007', 'Teknik Informatika', 'pagi', 0, 0),
('1107100145', 'Handoko Saputro', '2007', 'Teknik Informatika', 'sore', 0, 0),
('1107100146', 'Moh. Khamami', '2007', 'Teknik Informatika', 'pagi', 0, 0),
('1107100147', 'Dinar Putri Permatasari', '2007', 'Teknik Informatika', 'pagi', 0, 0),
('1107100148', 'Indra Fauzi', '2007', 'Teknik Informatika', 'pagi', 0, 0),
('1107100149', 'Surya Arif Bijaksono', '2007', 'Teknik Informatika', 'pagi', 0, 0),
('1107100150', 'Widya Agtalia Mariana', '2007', 'Teknik Informatika', 'pagi', 0, 0),
('1107100151', 'Febriari Priatama', '2007', 'Teknik Informatika', 'sore', 0, 0),
('1107100152', 'Dian Puspitasari', '2007', 'Teknik Informatika', 'pagi', 0, 0),
('1107100153', 'Rif`an Azmi', '2007', 'Teknik Informatika', 'pagi', 0, 0),
('1107100154', 'Sony Yudistira', '2007', 'Teknik Informatika', 'sore', 0, 0),
('1107100155', 'Koimam', '2007', 'Teknik Informatika', 'sore', 0, 0),
('1107100156', 'Ryo Rohman Hidayat', '2007', 'Teknik Informatika', 'pagi', 0, 0),
('1107100157', 'Chrishendy Danys', '2007', 'Teknik Informatika', 'sore', 0, 0),
('1107100158', 'Rika Wijayanti', '2007', 'Teknik Informatika', 'sore', 0, 0),
('1107100159', 'Erwin Arifianto', '2007', 'Teknik Informatika', 'pagi', 0, 0),
('1107100160', 'Debri  Firmansyah', '2007', 'Teknik Informatika', 'sore', 0, 0),
('1107100161', 'Wisudha Haryo P.', '2007', 'Teknik Informatika', 'sore', 0, 0),
('1107100162', 'Ary Eko Prasetyo', '2007', 'Teknik Informatika', 'sore', 0, 0),
('1107100163', 'Stio Wirawan', '2007', 'Teknik Informatika', 'pagi', 0, 0),
('1107100164', 'Arvendi Bekti Harjanto', '2007', 'Teknik Informatika', 'pagi', 0, 0),
('1107100165', 'Andy Bagus Setyawan', '2007', 'Teknik Informatika', 'pagi', 0, 0),
('1107100166', 'Rudi Setiadi', '2007', 'Teknik Informatika', 'sore', 0, 0),
('1107100167', 'Sandhi Pandu Pamungkas', '2007', 'Teknik Informatika', 'sore', 0, 0),
('1108000304', 'Rahmat Erlambang', '2008', 'Teknik Informatika', 'sore', 0, 0),
('1108000306', 'Faruk Alfiyan', '2008', 'Teknik Informatika', 'sore', 0, 0),
('1108000307', 'Sulaibatul Aslamiyah', '2008', 'Teknik Informatika', 'sore', 0, 0),
('1108000308', 'Shohibuddin Humaird', '2008', 'Teknik Informatika', 'sore', 0, 0),
('1108000310', 'Muh. Helmi Kurniawan', '2008', 'Teknik Informatika', 'sore', 0, 0),
('1108000311', 'Prasetyo Aji Siswoyo', '2008', 'Teknik Informatika', 'sore', 0, 0),
('1108000312', 'Nur Hayati', '2008', 'Teknik Informatika', 'sore', 0, 0),
('1108000313', 'Mahdi Abdullah', '2008', 'Teknik Informatika', 'sore', 0, 0),
('1108000316', 'Jefri Yuwanto', '2008', 'Teknik Informatika', 'sore', 0, 0),
('1108000317', 'Ali Masturi', '2008', 'Teknik Informatika', 'sore', 0, 0),
('1108000318', 'Syaifuddin', '2008', 'Teknik Informatika', 'sore', 0, 0),
('1108000319', 'Syarif Al Fajri', '2008', 'Teknik Informatika', 'sore', 0, 0),
('1108000320', 'Imam Ja`far hadi Purnnama', '2008', 'Teknik Informatika', 'sore', 0, 0),
('1108000321', 'Ocgik Wahyu Dewanto', '2008', 'Teknik Informatika', 'sore', 0, 0),
('1108000322', 'Brian Kaldera', '2008', 'Teknik Informatika', 'sore', 0, 0),
('1108100189', 'Abdul Mujib', '2008', 'Teknik Informatika', 'sore', 0, 0),
('1108100190', 'Achmad Arifka Bakri', '2008', 'Teknik Informatika', 'sore', 0, 0),
('1108100191', 'Adi Ismanto', '2008', 'Teknik Informatika', 'sore', 0, 0),
('1108100192', 'Aditya Handoko', '2008', 'Teknik Informatika', 'pagi', 0, 0),
('1108100193', 'Agung Widya Pamungkas', '2008', 'Teknik Informatika', 'sore', 0, 0),
('1108100194', 'AH Mufid', '2008', 'Teknik Informatika', 'sore', 0, 0),
('1108100195', 'Ahmad Fikrun Najid', '2008', 'Teknik Informatika', 'sore', 0, 0),
('1108100196', 'Anan Purnawan', '2008', 'Teknik Informatika', 'sore', 0, 0),
('1108100197', 'Ananda Harditya Pratama', '2008', 'Teknik Informatika', 'sore', 0, 0),
('1108100198', 'Andi Eka Muliya', '2008', 'Teknik Informatika', 'sore', 0, 0),
('1108100199', 'Andika Sabastian Alam ', '2008', 'Teknik Informatika', 'sore', 0, 0),
('1108100200', 'Angga Riyan Saputra', '2008', 'Teknik Informatika', 'sore', 0, 0),
('1108100201', 'Anita Widiawati', '2008', 'Teknik Informatika', 'sore', 0, 0),
('1108100202', 'Ari Noviyanto', '2008', 'Teknik Informatika', 'sore', 0, 0),
('1108100203', 'Arif Hadi Sumitro', '2008', 'Teknik Informatika', 'sore', 0, 0),
('1108100204', 'Arif Nurchayono', '2008', 'Teknik Informatika', 'sore', 0, 0),
('1108100205', 'Asep Agus Isnaini', '2008', 'Teknik Informatika', 'sore', 0, 0),
('1108100206', 'Avecenna Johan PK', '2008', 'Teknik Informatika', 'pagi', 0, 0),
('1108100207', 'Ayunda Eka Puspitasari', '2008', 'Teknik Informatika', 'sore', 0, 0),
('1108100208', 'Bambang Kusno Prastyo', '2008', 'Teknik Informatika', 'sore', 0, 0),
('1108100209', 'Binti Fajriatis Sujud', '2008', 'Teknik Informatika', 'sore', 0, 0),
('1108100210', 'Cucu Dwi Pratiwi', '2008', 'Teknik Informatika', 'sore', 0, 0),
('1108100211', 'Didik Suhartadi', '2008', 'Teknik Informatika', 'sore', 0, 0),
('1108100212', 'Dwi Sinta', '2008', 'Teknik Informatika', 'sore', 0, 0),
('1108100213', 'Dyah Marta Rachmawati', '2008', 'Teknik Informatika', 'sore', 0, 0),
('1108100214', 'Dyah Pravita Sari', '2008', 'Teknik Informatika', 'sore', 0, 0),
('1108100215', 'Eko Adi Saputro', '2008', 'Teknik Informatika', 'pagi', 0, 0),
('1108100216', 'Eko Aditia Putra', '2008', 'Teknik Informatika', 'pagi', 0, 0),
('1108100217', 'Endang Suwarni', '2008', 'Teknik Informatika', 'sore', 0, 0),
('1108100218', 'Erlina Puspalasari', '2008', 'Teknik Informatika', 'sore', 0, 0),
('1108100219', 'Erwin Eka Permana', '2008', 'Teknik Informatika', 'sore', 0, 0),
('1108100220', 'Farid Rahman Fauzi', '2008', 'Teknik Informatika', 'sore', 0, 0),
('1108100221', 'Fathul Qorib', '2008', 'Teknik Informatika', 'sore', 0, 0),
('1108100222', 'Febry Abriantoro', '2008', 'Teknik Informatika', 'sore', 0, 0),
('1108100223', 'Febri Hari Widiyanto', '2008', 'Teknik Informatika', 'sore', 0, 0),
('1108100224', 'Gede Maria Adnyana', '2008', 'Teknik Informatika', 'sore', 0, 0),
('1108100225', 'Haris Sunandar', '2008', 'Teknik Informatika', 'pagi', 0, 0),
('1108100226', 'Hasim As`ari', '2008', 'Teknik Informatika', 'sore', 0, 0),
('1108100227', 'Heni Jamalia', '2008', 'Teknik Informatika', 'pagi', 0, 0),
('1108100228', 'Heri Kuswanto', '2008', 'Teknik Informatika', 'pagi', 0, 0),
('1108100229', 'Hermawan', '2008', 'Teknik Informatika', 'sore', 0, 0),
('1108100230', 'Hilmi Yarisu Ardan', '2008', 'Teknik Informatika', 'sore', 0, 0),
('1108100231', 'Huriatul Amaliyah', '2008', 'Teknik Informatika', 'pagi', 0, 0),
('1108100232', 'Ihtiar Heriyo', '2008', 'Teknik Informatika', 'sore', 0, 0),
('1108100233', 'Ika Evi Kurnia', '2008', 'Teknik Informatika', 'sore', 0, 0),
('1108100234', 'Ika Niti Sandra ', '2008', 'Teknik Informatika', 'sore', 0, 0),
('1108100235', 'Arini Faradiyani', '2008', 'Teknik Informatika', 'sore', 0, 0),
('1108100236', 'Isnaini', '2008', 'Teknik Informatika', 'sore', 0, 0),
('1108100237', 'Jannatul Virdaus', '2008', 'Teknik Informatika', 'pagi', 0, 0),
('1108100238', 'Joko Tri Sutrisno PMIP', '2008', 'Teknik Informatika', 'pagi', 0, 0),
('1108100239', 'Kanti Kristini', '2008', 'Teknik Informatika', 'pagi', 0, 0),
('1108100240', 'Lailik', '2008', 'Teknik Informatika', 'sore', 0, 0),
('1108100241', 'M Nasirin', '2008', 'Teknik Informatika', 'pagi', 0, 0),
('1108100242', 'Maman Sutiko', '2008', 'Teknik Informatika', 'sore', 0, 0),
('1108100243', 'Master Habibi Roin', '2008', 'Teknik Informatika', 'pagi', 0, 0),
('1108100244', 'Maulinda Kustiara', '2008', 'Teknik Informatika', 'pagi', 0, 0),
('1108100245', 'Moch Mujahidin', '2008', 'Teknik Informatika', 'sore', 0, 0),
('1108100246', 'Mohammad Arifin', '2008', 'Teknik Informatika', 'sore', 0, 0),
('1108100247', 'Mohammad Hasan', '2008', 'Teknik Informatika', 'sore', 0, 0),
('1108100248', 'Mohammad Aulia Rahman', '2008', 'Teknik Informatika', 'sore', 0, 0),
('1108100249', 'Muhammad Fikri Mustaqim', '2008', 'Teknik Informatika', 'sore', 0, 0),
('1108100250', 'Muhammad Irsyad R', '2008', 'Teknik Informatika', 'sore', 0, 0),
('1108100251', 'Mulyono', '2008', 'Teknik Informatika', 'sore', 0, 0),
('1108100252', 'Muslih', '2008', 'Teknik Informatika', 'sore', 0, 0),
('1108100253', 'Nasrul Umam', '2008', 'Teknik Informatika', 'pagi', 0, 0),
('1108100254', 'Ninuk Milia Wulandari', '2008', 'Teknik Informatika', 'pagi', 0, 0),
('1108100255', 'Nur Zakia Mughoffar', '2008', 'Teknik Informatika', 'sore', 0, 0),
('1108100256', 'Obie Septiando', '2008', 'Teknik Informatika', 'sore', 0, 0),
('1108100257', 'Kutiyono', '2008', 'Teknik Informatika', 'sore', 0, 0),
('1108100258', 'Rangga Febrianto', '2008', 'Teknik Informatika', 'sore', 0, 0),
('1108100259', 'Ria Yulika Lestari', '2008', 'Teknik Informatika', 'pagi', 0, 0),
('1108100260', 'Riqy Fikri', '2008', 'Teknik Informatika', 'sore', 0, 0),
('1108100261', 'Ririn Kristiantini', '2008', 'Teknik Informatika', 'pagi', 0, 0),
('1108100262', 'Rizal Ermawan', '2008', 'Teknik Informatika', 'sore', 0, 0),
('1108100263', 'Rizka Chandra Prayoga', '2008', 'Teknik Informatika', 'sore', 0, 0),
('1108100264', 'Rizki Ardiansyah Putranda', '2008', 'Teknik Informatika', 'sore', 0, 0),
('1108100265', 'Rudi Hartono', '2008', 'Teknik Informatika', 'sore', 0, 0),
('1108100266', 'Sahara Thursina', '2008', 'Teknik Informatika', 'sore', 0, 0),
('1108100267', 'Saiful Anwar', '2008', 'Teknik Informatika', 'sore', 0, 0),
('1108100268', 'Saifulloh', '2008', 'Teknik Informatika', 'sore', 0, 0),
('1108100269', 'Santi Handayani', '2008', 'Teknik Informatika', 'sore', 0, 0),
('1108100270', 'Septa Handayani Pratama', '2008', 'Teknik Informatika', 'pagi', 0, 0),
('1108100271', 'Silvi Fitria Nur Arifki', '2008', 'Teknik Informatika', 'sore', 0, 0),
('1108100272', 'Siti Mas`ulah', '2008', 'Teknik Informatika', 'sore', 0, 0),
('1108100273', 'Slamet Hariyadi', '2008', 'Teknik Informatika', 'sore', 0, 0),
('1108100274', 'Sugeng Wijaya', '2008', 'Teknik Informatika', 'sore', 0, 0),
('1108100275', 'Sukma Hanggara', '2008', 'Teknik Informatika', 'pagi', 0, 0),
('1108100276', 'Sunaryono', '2008', 'Teknik Informatika', 'sore', 0, 0),
('1108100277', 'Suryadi', '2008', 'Teknik Informatika', 'sore', 0, 0),
('1108100278', 'Suwanto', '2008', 'Teknik Informatika', 'sore', 0, 0),
('1108100279', 'Suwarni Aswad', '2008', 'Teknik Informatika', 'sore', 0, 0),
('1108100280', 'Tri Prasetyo A', '2008', 'Teknik Informatika', 'sore', 0, 0),
('1108100281', 'Wahyu Rio Indrawan', '2008', 'Teknik Informatika', 'sore', 0, 0),
('1108100282', 'Yuli Wafiroh', '2008', 'Teknik Informatika', 'pagi', 0, 0),
('1108100283', 'Yusuf Efendi', '2008', 'Teknik Informatika', 'sore', 0, 0),
('1108100284', 'Zainurida', '2008', 'Teknik Informatika', 'sore', 0, 0),
('1108100285', 'Hadi Purnomo', '2008', 'Teknik Informatika', 'sore', 0, 0),
('1108100286', 'Dhimas F', '2008', 'Teknik Informatika', 'sore', 0, 0),
('1108100287', 'Agus Sucipto', '2008', 'Teknik Informatika', 'sore', 0, 0),
('1108100288', 'Silvia Dwi Harmeidiawati', '2008', 'Teknik Informatika', 'sore', 0, 0),
('1108100289', 'Rifqi Andriayansyah', '2008', 'Teknik Informatika', 'sore', 0, 0),
('1108100290', 'Khotmil Yanti', '2008', 'Teknik Informatika', 'sore', 0, 0),
('1108100291', 'Adi Kurniawan', '2008', 'Teknik Informatika', 'sore', 0, 0),
('1108100292', 'Johan Wijaya', '2008', 'Teknik Informatika', 'sore', 0, 0),
('1108100293', 'Anna Arini', '2008', 'Teknik Informatika', 'sore', 0, 0),
('1108100294', 'Nita Yuli Indra', '2008', 'Teknik Informatika', 'sore', 0, 0),
('1108100295', 'M Supriyono', '2008', 'Teknik Informatika', 'sore', 0, 0),
('1108100296', 'Syaifuddin Yuliansyah', '2008', 'Teknik Informatika', 'pagi', 0, 0),
('1108100297', 'Dherry Arman Rentalam', '2008', 'Teknik Informatika', 'sore', 0, 0),
('1108100298', 'Tri Apri Susanto', '2008', 'Teknik Informatika', 'sore', 0, 0),
('1108100299', 'Mustain', '2008', 'Teknik Informatika', 'sore', 0, 0),
('1108100300', 'M. Ali Chofur Rochim', '2008', 'Teknik Informatika', 'sore', 0, 0),
('1108100301', 'Alpan Akbar', '2008', 'Teknik Informatika', 'sore', 0, 0),
('1108100302', 'Arif Fadilah', '2008', 'Teknik Informatika', 'sore', 0, 0),
('1108100303', 'Aditya Permana Putra ', '2008', 'Teknik Informatika', 'sore', 0, 0),
('1108100304', 'Wisnu Wardana', '2008', 'Teknik Informatika', 'sore', 0, 0),
('1109000329', 'Ninik Reniyanti', '2009', 'Teknik Informatika', 'sore', 0, 0),
('1109000333', 'Khairul Anwar', '2009', 'Teknik Informatika', 'sore', 0, 0),
('1109000334', 'Ahmad Hermanto', '2009', 'Teknik Informatika', 'sore', 0, 0),
('1109000335', 'Pieter Yulivianou', '2009', 'Teknik Informatika', 'sore', 0, 0),
('1109000336', 'Taufik Walhidayat', '2009', 'Teknik Informatika', 'sore', 0, 0),
('1109000337', 'Lyly Nur Mustoffa Muslich', '2009', 'Teknik Informatika', 'sore', 0, 0),
('1109000338', 'Andik Kurniawan', '2009', 'Teknik Informatika', 'pagi', 0, 0),
('1109000339', 'Dhana Tirtha Dahanana', '2009', 'Teknik Informatika', 'sore', 0, 0),
('1109000340', 'M Taufiq', '2009', 'Teknik Informatika', 'sore', 0, 0),
('1109100329', 'Dedi Winarno', '2009', 'Teknik Informatika', 'sore', 0, 0),
('1109100330', 'Windy Aufa', '2009', 'Teknik Informatika', 'pagi', 0, 0),
('1109100331', 'Suliyana', '2009', 'Teknik Informatika', 'pagi', 0, 0),
('1109100332', 'Yenni Rosetiawati', '2009', 'Teknik Informatika', 'pagi', 0, 0),
('1109100333', 'Lina Hurin Rahmawati', '2009', 'Teknik Informatika', 'pagi', 0, 0),
('1109100334', 'Selamet Wahyudi', '2009', 'Teknik Informatika', 'sore', 0, 0),
('1109100335', 'Dessy Nirmala Sari', '2009', 'Teknik Informatika', 'sore', 0, 0),
('1109100336', 'Niluh Kadek Diyah PD', '2009', 'Teknik Informatika', 'pagi', 0, 0),
('1109100337', 'Faridhatis Salmi', '2009', 'Teknik Informatika', 'sore', 0, 0),
('1109100338', 'Elok Karunia Dewi', '2009', 'Teknik Informatika', 'pagi', 0, 0),
('1109100339', 'Faris Esa Aridinata', '2009', 'Teknik Informatika', 'sore', 0, 0),
('1109100340', 'Fingky Budiarti', '2009', 'Teknik Informatika', 'pagi', 0, 0),
('1109100341', 'Firman Hidayat', '2009', 'Teknik Informatika', 'pagi', 0, 0),
('1109100342', 'Dwi Nur Samsu', '2009', 'Teknik Informatika', 'sore', 0, 0),
('1109100343', 'Puji Agustian AW', '2009', 'Teknik Informatika', 'pagi', 0, 0),
('1109100344', 'Wahyudi', '2009', 'Teknik Informatika', 'sore', 0, 0),
('1109100345', 'Muhammad Irjik', '2009', 'Teknik Informatika', 'pagi', 0, 0),
('1109100346', 'Imam Ramanto', '2009', 'Teknik Informatika', 'sore', 0, 0),
('1109100347', 'Willy Witanto', '2009', 'Teknik Informatika', 'pagi', 0, 0),
('1109100348', 'Rizki Marta Amalia', '2009', 'Teknik Informatika', 'pagi', 0, 0),
('1109100349', 'Rani Hidayati', '2009', 'Teknik Informatika', 'pagi', 0, 0),
('1109100350', 'I Wayan Gede Suma Wijaya', '2009', 'Teknik Informatika', 'pagi', 0, 0),
('1109100351', 'Okky Hadi Wibawa', '2009', 'Teknik Informatika', 'pagi', 0, 0),
('1109100352', 'Christin Dini Kartika ', '2009', 'Teknik Informatika', 'pagi', 0, 0),
('1109100353', 'Dendang Wahyudi', '2009', 'Teknik Informatika', 'sore', 0, 0),
('1109100354', 'Fira Felina A', '2009', 'Teknik Informatika', 'sore', 0, 0),
('1109100355', 'Feri Hardiansyah', '2009', 'Teknik Informatika', 'sore', 0, 0),
('1109100356', 'Yusron Hadi', '2009', 'Teknik Informatika', 'sore', 0, 0),
('1109100357', 'Yoga Harinata', '2009', 'Teknik Informatika', 'sore', 0, 0),
('1109100358', 'Hermanto', '2009', 'Teknik Informatika', 'sore', 0, 0),
('1109100359', 'Hedi Wibowo', '2009', 'Teknik Informatika', 'sore', 0, 0),
('1109100360', 'Icha Novianti', '2009', 'Teknik Informatika', 'pagi', 0, 0),
('1109100361', 'Arie Jayanto', '2009', 'Teknik Informatika', 'sore', 0, 0),
('1109100362', 'Helman Arif', '2009', 'Teknik Informatika', 'sore', 0, 0),
('1109100363', 'Nur Alimin', '2009', 'Teknik Informatika', 'pagi', 0, 0),
('1109100364', 'Ade Herman Febrytama', '2009', 'Teknik Informatika', 'sore', 0, 0),
('1109100365', 'Topan Arif S', '2009', 'Teknik Informatika', 'pagi', 0, 0),
('1109100366', 'Gufron Maulidin', '2009', 'Teknik Informatika', 'sore', 0, 0),
('1109100367', 'Satriyo Handoyo', '2009', 'Teknik Informatika', 'sore', 0, 0),
('1109100368', 'Helmi Darmanto', '2009', 'Teknik Informatika', 'sore', 0, 0),
('1109100369', 'Sugeng Wijayadi Budi Utomo', '2009', 'Teknik Informatika', 'pagi', 0, 0),
('1109100370', 'Nurwanto S', '2009', 'Teknik Informatika', 'pagi', 0, 0),
('1109100371', 'Denis Hidayat', '2009', 'Teknik Informatika', 'pagi', 0, 0),
('1109100372', 'Fitriyah', '2009', 'Teknik Informatika', 'sore', 0, 0),
('1109100373', 'Muh Novi Raharjo', '2009', 'Teknik Informatika', 'pagi', 0, 0),
('1109100374', 'Tudrik Maula', '2009', 'Teknik Informatika', 'pagi', 0, 0),
('1109100375', 'Rudi Hermawan ', '2009', 'Teknik Informatika', 'sore', 0, 0),
('1109100376', 'Zulkifli', '2009', 'Teknik Informatika', 'sore', 0, 0),
('1109100377', 'Hairul Anam ', '2009', 'Teknik Informatika', 'sore', 0, 0),
('1109100378', 'Bayu Dwi Saputra ', '2009', 'Teknik Informatika', 'sore', 0, 0),
('1109100379', 'Ilham Ulum', '2009', 'Teknik Informatika', 'pagi', 0, 0),
('1109100380', 'Bagus Irwanto', '2009', 'Teknik Informatika', 'sore', 0, 0),
('1109100381', 'Eka Prasetya', '2009', 'Teknik Informatika', 'sore', 0, 0),
('1109100382', 'Titik Kaniatin ', '2009', 'Teknik Informatika', 'sore', 0, 0),
('1109100383', 'Ari Pristanto', '2009', 'Teknik Informatika', 'sore', 0, 0),
('1109100384', 'Nida Usfiya', '2009', 'Teknik Informatika', 'pagi', 0, 0),
('1109100385', 'Samsul Imam Romadi', '2009', 'Teknik Informatika', 'sore', 0, 0),
('1109100386', 'Agus Asrud S', '2009', 'Teknik Informatika', 'sore', 0, 0),
('1109100387', 'Diah Ayu Pramudita', '2009', 'Teknik Informatika', 'pagi', 0, 0),
('1109100388', 'Supriyanto', '2009', 'Teknik Informatika', 'sore', 0, 0),
('1109100389', 'Moh Taufiq', '2009', 'Teknik Informatika', 'pagi', 0, 0),
('1109100390', 'Bagus Purnomo Aji', '2009', 'Teknik Informatika', 'pagi', 0, 0),
('1109100391', 'Ariesta Dwi Friska Yanti ', '2009', 'Teknik Informatika', 'pagi', 0, 0),
('1109100392', 'Helmi Budiyanto', '2009', 'Teknik Informatika', 'sore', 0, 0),
('1109100393', 'Moch Ridwan Adi S', '2009', 'Teknik Informatika', 'sore', 0, 0),
('1109100394', 'Yohanes Kurniawan', '2009', 'Teknik Informatika', 'sore', 0, 0),
('1109100395', 'Moh Khairun N', '2009', 'Teknik Informatika', 'sore', 0, 0),
('1109100396', 'Muhammad Yunus Hafif', '2009', 'Teknik Informatika', 'sore', 0, 0),
('1109100397', 'Dewi Kusniah Wardani', '2009', 'Teknik Informatika', 'sore', 0, 0),
('1109100398', 'Milda Tsalitsatun Nisa', '2009', 'Teknik Informatika', 'sore', 0, 0),
('1109100399', 'Okky Adhari Utama', '2009', 'Teknik Informatika', 'pagi', 0, 0),
('1109100400', 'Akh Subbanul M', '2009', 'Teknik Informatika', 'sore', 0, 0),
('1109100401', 'Muhammad Afton M', '2009', 'Teknik Informatika', 'sore', 0, 0),
('1109100402', 'Agus Rohman Yusuf', '2009', 'Teknik Informatika', 'pagi', 0, 0),
('1109100403', 'Bagus Santoso', '2009', 'Teknik Informatika', 'pagi', 0, 0),
('1109100404', 'Sofian Fanama', '2009', 'Teknik Informatika', 'pagi', 0, 0),
('1109100405', 'Dwiky Kristianto', '2009', 'Teknik Informatika', 'sore', 0, 0),
('1109100406', 'Faudi Rusito', '2009', 'Teknik Informatika', 'sore', 0, 0),
('1109100407', 'Novan Arvi Risandi ', '2009', 'Teknik Informatika', 'sore', 0, 0),
('1109100408', 'Restu Arisandi', '2009', 'Teknik Informatika', 'sore', 0, 0),
('1109100409', 'Febsa Febriani Setiyawan ', '2009', 'Teknik Informatika', 'sore', 0, 0),
('1109100410', 'Rendra Pranata T', '2009', 'Teknik Informatika', 'sore', 0, 0),
('1109100411', 'Fariz Hariyanto', '2009', 'Teknik Informatika', 'sore', 0, 0),
('1109100412', 'Maya Lestiawati', '2009', 'Teknik Informatika', 'sore', 0, 0),
('1109100413', 'David Haryanto', '2009', 'Teknik Informatika', 'sore', 0, 0),
('1109100414', 'Zaenal Arifin ', '2009', 'Teknik Informatika', 'sore', 0, 0),
('1109100415', 'Yudi Susilo R', '2009', 'Teknik Informatika', 'pagi', 0, 0),
('1109100416', 'Firman Marta Nugraha ', '2009', 'Teknik Informatika', 'sore', 0, 0),
('1109100417', 'Irham Mubarok', '2009', 'Teknik Informatika', 'pagi', 0, 0),
('1109100418', 'Abdul Komar', '2009', 'Teknik Informatika', 'sore', 0, 0),
('1109100419', 'Elok Wita Kurniasari', '2009', 'Teknik Informatika', 'sore', 0, 0),
('1109100420', 'Wahyu Setyo Nugroho', '2009', 'Teknik Informatika', 'pagi', 0, 0),
('1109100421', 'Dianita Dwi Farida Anim', '2009', 'Teknik Informatika', 'pagi', 0, 0),
('1109100422', 'Teguh Widya Kasih', '2009', 'Teknik Informatika', 'sore', 0, 0),
('1109100423', 'Septian Masruroh ', '2009', 'Teknik Informatika', 'pagi', 0, 0),
('1109100424', 'Wahid Setyo W', '2009', 'Teknik Informatika', 'pagi', 0, 0),
('1109100425', 'Doni Putra', '2009', 'Teknik Informatika', 'sore', 0, 0),
('1109100426', 'Arjuna Riadi Putra', '2009', 'Teknik Informatika', 'sore', 0, 0),
('1109100427', 'Tono Sumarsono', '2009', 'Teknik Informatika', 'pagi', 0, 0),
('1109100428', 'Luqman Fauzi', '2009', 'Teknik Informatika', 'pagi', 0, 0),
('1109100429', 'Rosyid Edi S', '2009', 'Teknik Informatika', 'pagi', 0, 0),
('1109100430', 'Heni Elvi Laili', '2009', 'Teknik Informatika', 'sore', 0, 0),
('1109100431', 'Wiwit Widayanti', '2009', 'Teknik Informatika', 'sore', 0, 0),
('1109100432', 'Ahmad Firman Fauzi', '2009', 'Teknik Informatika', 'sore', 0, 0),
('1109100433', 'Moh Rafid', '2009', 'Teknik Informatika', 'pagi', 0, 0),
('1109100434', 'M Catur Mukti P', '2009', 'Teknik Informatika', 'sore', 0, 0),
('1109100435', 'Ucta Pradema Sanjaya', '2009', 'Teknik Informatika', 'sore', 0, 0),
('1109100436', 'Suyanto', '2009', 'Teknik Informatika', 'pagi', 0, 0),
('1109100437', 'Abdul Haris Ramadin ', '2009', 'Teknik Informatika', 'sore', 0, 0),
('1109100438', 'Hendhita Candra Lusmana', '2009', 'Teknik Informatika', 'sore', 0, 0),
('1109100439', 'Mariyadi', '2009', 'Teknik Informatika', 'pagi', 0, 0),
('1109100440', 'Dito Budi SP', '2009', 'Teknik Informatika', 'sore', 0, 0),
('1109100441', 'Mariono', '2009', 'Teknik Informatika', 'sore', 0, 0),
('1109100442', 'Bayu Endartono', '2009', 'Teknik Informatika', 'sore', 0, 0),
('1109100443', 'Irfan Fauzi ', '2009', 'Teknik Informatika', 'sore', 0, 0),
('1109100444', 'Ali Muhabshol Alawi', '2009', 'Teknik Informatika', 'sore', 0, 0),
('1109100445', 'Teguh Suryo Saputro', '2009', 'Teknik Informatika', 'pagi', 0, 0),
('1109100446', 'Mujibur Rohman ', '2009', 'Teknik Informatika', 'sore', 0, 0),
('1109100447', 'Kikit Supriyanto', '2009', 'Teknik Informatika', 'sore', 0, 0),
('1109100448', 'Delima Dwi Sayekti', '2009', 'Teknik Informatika', 'sore', 0, 0),
('1109100449', 'Eksa Fakhurdin ', '2009', 'Teknik Informatika', 'sore', 0, 0),
('1109100450', 'M Yusuf Sumarno', '2009', 'Teknik Informatika', 'pagi', 0, 0),
('1109100451', 'Taufik Rohman', '2009', 'Teknik Informatika', 'sore', 0, 0),
('1109100452', 'Tri Imam Roby Ardan', '2009', 'Teknik Informatika', 'sore', 0, 0),
('1109100453', 'Wahyudi', '2009', 'Teknik Informatika', 'pagi', 0, 0),
('1109100454', 'Evan Fajar Pratama ', '2009', 'Teknik Informatika', 'pagi', 0, 0),
('1109100455', 'Samuel Margaret Adi Wena', '2009', 'Teknik Informatika', 'sore', 0, 0),
('1109100456', 'Untung Jasuli', '2009', 'Teknik Informatika', 'pagi', 0, 0),
('1109100457', 'Irvan Hidayat', '2009', 'Teknik Informatika', 'pagi', 0, 0),
('1109100458', 'Ade Sofan Kunaifi', '2009', 'Teknik Informatika', 'sore', 0, 0),
('1109100459', 'Dwi Apriluddin Payungadi', '2009', 'Teknik Informatika', 'pagi', 0, 0),
('1109100460', 'Andre Refaldi', '2009', 'Teknik Informatika', 'sore', 0, 0),
('1109100461', 'Muhtadi Mukhtar ', '2009', 'Teknik Informatika', 'pagi', 0, 0),
('1109100462', 'Miftakhul Faris', '2009', 'Teknik Informatika', 'pagi', 0, 0),
('1109100463', 'Rezita Meyla Andhika Sari', '2009', 'Teknik Informatika', 'sore', 0, 0),
('1109100464', 'Nanda Aziz Mutaqim ', '2009', 'Teknik Informatika', 'pagi', 0, 0),
('1109100465', 'Andi Mei K', '2009', 'Teknik Informatika', 'sore', 0, 0),
('1109100466', 'Tri Harisandi', '2009', 'Teknik Informatika', 'pagi', 0, 0),
('1109100467', 'Imam Wahyudi', '2009', 'Teknik Informatika', 'pagi', 0, 0),
('1109100468', 'Husbanul A', '2009', 'Teknik Informatika', 'sore', 0, 0),
('1109100469', 'Pipit Herfiyanti', '2009', 'Teknik Informatika', 'sore', 0, 0),
('1109100470', 'Indar Dwi Riantini', '2009', 'Teknik Informatika', 'sore', 0, 0),
('1109100471', 'Andri Anto Hario W', '2009', 'Teknik Informatika', 'sore', 0, 0),
('1109100472', 'Nur Hasan Faid', '2009', 'Teknik Informatika', 'sore', 0, 0),
('1109100473', 'Notriska Pohan', '2009', 'Teknik Informatika', 'pagi', 0, 0),
('1109100474', 'Defia Estu Pratiwi', '2009', 'Teknik Informatika', 'sore', 0, 0),
('1109100475', 'Septi Nur Widyastuti', '2009', 'Teknik Informatika', 'pagi', 0, 0),
('1109100476', 'Verawati', '2009', 'Teknik Informatika', 'pagi', 0, 0),
('1109100477', 'Tri Yuli Kurniawan', '2009', 'Teknik Informatika', 'sore', 0, 0),
('1109100478', 'Nadhifatul U', '2009', 'Teknik Informatika', 'sore', 0, 0),
('1109100479', 'Faradhiba Aurarima ', '2009', 'Teknik Informatika', 'sore', 0, 0),
('1109100480', 'Moh. Hariyanto', '2009', 'Teknik Informatika', 'pagi', 0, 0),
('1109100481', 'Adhitya Fery Pradana', '2009', 'Teknik Informatika', 'sore', 0, 0),
('1109100482', 'Nurviana Alwi Dullah', '2009', 'Teknik Informatika', 'pagi', 0, 0),
('1109100483', 'Krida Maharsi D', '2009', 'Teknik Informatika', 'pagi', 0, 0),
('1109100484', 'Gushadi Ferdinan Dani', '2009', 'Teknik Informatika', 'sore', 0, 0),
('1109100485', 'Tony Eko F', '2009', 'Teknik Informatika', 'pagi', 0, 0),
('1109100486', 'Khairul Umam ', '2009', 'Teknik Informatika', 'pagi', 0, 0),
('1109100487', 'Duwi Setiyo Utomo', '2009', 'Teknik Informatika', 'pagi', 0, 0),
('1109100488', 'Teguh Santoso', '2009', 'Teknik Informatika', 'pagi', 0, 0),
('1109100489', 'Mahmudsyah Idris Romy', '2009', 'Teknik Informatika', 'sore', 0, 0),
('1109100490', 'Franky Kurniawan A', '2009', 'Teknik Informatika', 'sore', 0, 0),
('1109100492', 'Syaiful Bahri', '2009', 'Teknik Informatika', 'pagi', 0, 0),
('1109100493', 'Utomo Mandala Putra', '2009', 'Teknik Informatika', 'pagi', 0, 0),
('1109100494', 'Hari Maryono', '2009', 'Teknik Informatika', 'pagi', 0, 0),
('1109100495', 'Helli Iswanto', '2009', 'Teknik Informatika', 'sore', 0, 0),
('1109100496', 'Nur Huda', '2009', 'Teknik Informatika', 'sore', 0, 0),
('1109100497', 'Endina Putri A', '2009', 'Teknik Informatika', 'sore', 0, 0),
('1109100498', 'Hendi Citra Novia', '2009', 'Teknik Informatika', 'pagi', 0, 0),
('1109100499', 'Sukron Maulana', '2009', 'Teknik Informatika', 'pagi', 0, 0),
('1109100500', 'Susanti', '2009', 'Teknik Informatika', 'pagi', 0, 0),
('1109100501', 'Ahmad Furqon Abadi ', '2009', 'Teknik Informatika', 'sore', 0, 0),
('1109100502', 'Debi Sasmito', '2009', 'Teknik Informatika', 'pagi', 0, 0),
('1109100503', 'Devi Faiqotul Azizah', '2009', 'Teknik Informatika', 'pagi', 0, 0),
('1109100504', 'Vivi Icha A', '2009', 'Teknik Informatika', 'sore', 0, 0),
('1109100505', 'Lenny Idiyasari', '2009', 'Teknik Informatika', 'sore', 0, 0),
('1109100506', 'Moh Alfian J', '2009', 'Teknik Informatika', 'pagi', 0, 0),
('1109100507', 'Sam Sapto Hadiwiyono', '2009', 'Teknik Informatika', 'sore', 0, 0),
('1109100508', 'Yudit Tri Saputra Himawan', '2009', 'Teknik Informatika', 'sore', 0, 0),
('1109100509', 'Yusy Dwi Herwiyanto ', '2009', 'Teknik Informatika', 'sore', 0, 0),
('1109100510', 'Ridwan Subiyono', '2009', 'Teknik Informatika', 'sore', 0, 0),
('1109100511', 'Ivan Surya Dilaga', '2009', 'Teknik Informatika', 'pagi', 0, 0),
('1109100512', 'Indah Purnama Sari', '2009', 'Teknik Informatika', 'sore', 0, 0),
('1109100513', 'Davidson ', '2009', 'Teknik Informatika', 'sore', 0, 0),
('1109100514', 'Muchammad Yusron Aminullah', '2009', 'Teknik Informatika', 'pagi', 0, 0),
('1109100515', 'Imam Asyari', '2009', 'Teknik Informatika', 'sore', 0, 0),
('1109100516', 'Herman Hadi', '2009', 'Teknik Informatika', 'sore', 0, 0),
('31040516', 'Ahmad junaidi', '2004', 'Manajemen Informatika', 'pagi', 0, 0),
('31040517', 'Ali Wafa', '2004', 'Manajemen Informatika', 'pagi', 0, 0),
('31040518', 'Asfuri', '2004', 'Manajemen Informatika', 'pagi', 0, 0),
('31040519', 'Awig Prasetyanto', '2004', 'Manajemen Informatika', 'pagi', 0, 0),
('31040520', 'Choiro Hidayanti', '2004', 'Manajemen Informatika', 'pagi', 0, 0),
('31040522', 'Dewi Maherawati', '2004', 'Manajemen Informatika', 'pagi', 0, 0),
('31040524', 'Eko Rusdianto Kurniawan', '2004', 'Manajemen Informatika', 'pagi', 0, 0),
('31040525', 'Endhar Insan Setiary', '2004', 'Manajemen Informatika', 'pagi', 0, 0),
('31040528', 'Kurniawan Habibi', '2004', 'Manajemen Informatika', 'pagi', 0, 0),
('31040531', 'Rosidah', '2004', 'Manajemen Informatika', 'pagi', 0, 0),
('31040537', 'Rieky Dwi Setiawan', '2004', 'Manajemen Informatika', 'pagi', 0, 0),
('31040550', 'Moh. Ali', '2004', 'Manajemen Informatika', 'pagi', 0, 0),
('31040577', 'Aris Sunandi', '2004', 'Manajemen Informatika', 'pagi', 0, 0),
('31040578', 'Eko Rayendra', '2004', 'Manajemen Informatika', 'pagi', 0, 0),
('31040602', 'Achmad Zaini', '2004', 'Manajemen Informatika', 'pagi', 0, 0),
('31050551', 'Abdul Rozak', '2005', 'Manajemen Informatika', 'pagi', 0, 0),
('31050552', 'Agus Supriyadi', '2005', 'Manajemen Informatika', 'pagi', 0, 0),
('31050553', 'Anton Dwi Susilo', '2005', 'Manajemen Informatika', 'pagi', 0, 0),
('31050554', 'Anwar Nuris', '2005', 'Manajemen Informatika', 'pagi', 0, 0),
('31050555', 'Bagus Ary Wibowo', '2005', 'Manajemen Informatika', 'pagi', 0, 0),
('31050556', 'Bagus Sang Aji', '2005', 'Manajemen Informatika', 'pagi', 0, 0),
('31050557', 'Brian Kaldera', '2005', 'Manajemen Informatika', 'pagi', 0, 0),
('31050558', 'Diana Hadi', '2005', 'Manajemen Informatika', 'pagi', 0, 0),
('31050559', 'Didik Wahyudi', '2005', 'Manajemen Informatika', 'pagi', 0, 0),
('31050560', 'Faruk Alfiyan', '2005', 'Manajemen Informatika', 'pagi', 0, 0),
('31050561', 'Ferdian Rokhmansyah', '2005', 'Manajemen Informatika', 'pagi', 0, 0),
('31050562', 'Kuswinarti Yuliana', '2005', 'Manajemen Informatika', 'pagi', 0, 0),
('31050563', 'M. Fatulloh MS.', '2005', 'Manajemen Informatika', 'pagi', 0, 0),
('31050564', 'Maulana Noer Indra', '2005', 'Manajemen Informatika', 'pagi', 0, 0),
('31050565', 'Muhammad Syaifullah', '2005', 'Manajemen Informatika', 'pagi', 0, 0),
('31050566', 'Muhammad Uzain  Al Umar', '2005', 'Manajemen Informatika', 'pagi', 0, 0),
('31050567', 'Ninik Reniyanti', '2005', 'Manajemen Informatika', 'pagi', 0, 0),
('31050568', 'Nurrachmad Wahyu Tede', '2005', 'Manajemen Informatika', 'pagi', 0, 0),
('31050569', 'Retno Jamilatus Saadah', '2005', 'Manajemen Informatika', 'pagi', 0, 0),
('31050570', 'Selamet Hariyadi', '2005', 'Manajemen Informatika', 'pagi', 0, 0),
('31050571', 'Shohibun Humaird', '2005', 'Manajemen Informatika', 'pagi', 0, 0),
('31050572', 'Suhariyanto', '2005', 'Manajemen Informatika', 'pagi', 0, 0),
('31050573', 'Sulaibatul Aslamiyah', '2005', 'Manajemen Informatika', 'pagi', 0, 0),
('31050574', 'Susiadi Sukandar Wahono', '2005', 'Manajemen Informatika', 'pagi', 0, 0),
('31050575', 'Totok Wahyudi', '2005', 'Manajemen Informatika', 'pagi', 0, 0),
('31050576', 'Triyana Wahyuni', '2005', 'Manajemen Informatika', 'pagi', 0, 0),
('3106100581', 'Ahmad Rofiqi', '2006', 'Manajemen Informatika', 'pagi', 0, 0),
('3106100582', 'Alek Susanto', '2006', 'Manajemen Informatika', 'pagi', 0, 0),
('3106100583', 'Dana Indrayana', '2006', 'Manajemen Informatika', 'pagi', 0, 0),
('3106100584', 'Devita Eka Priyatna', '2006', 'Manajemen Informatika', 'pagi', 0, 0),
('3106100585', 'Eny Naswari Sih Lestari', '2006', 'Manajemen Informatika', 'pagi', 0, 0),
('3106100588', 'Hadi Darmaji', '2006', 'Manajemen Informatika', 'pagi', 0, 0),
('3106100589', 'Hermanto', '2006', 'Manajemen Informatika', 'pagi', 0, 0),
('3106100592', 'Mohammad Gojali', '2006', 'Manajemen Informatika', 'pagi', 0, 0),
('3106100593', 'Nofi Riyanti', '2006', 'Manajemen Informatika', 'pagi', 0, 0),
('3106100594', 'Novi Mas Nizar', '2006', 'Manajemen Informatika', 'pagi', 0, 0),
('3106100595', 'Prayitno', '2006', 'Manajemen Informatika', 'pagi', 0, 0),
('3106100596', 'Rina Ekawati', '2006', 'Manajemen Informatika', 'pagi', 0, 0),
('3106100597', 'Riza Aditta Putra', '2006', 'Manajemen Informatika', 'pagi', 0, 0),
('3106100598', 'Rudi Hartono', '2006', 'Manajemen Informatika', 'pagi', 0, 0),
('3106100599', 'Setiyo Nugroho', '2006', 'Manajemen Informatika', 'pagi', 0, 0),
('3106100600', 'Junaidi', '2006', 'Manajemen Informatika', 'pagi', 0, 0),
('3106100601', 'Moh. Zainul Arif', '2006', 'Manajemen Informatika', 'pagi', 0, 0),
('3106100603', 'A. Rofiq', '2006', 'Manajemen Informatika', 'pagi', 0, 0),
('3107100604', 'Lukman Hakim', '2007', 'Manajemen Informatika', 'pagi', 0, 0),
('3107100605', 'Annisa Harida', '2007', 'Manajemen Informatika', 'pagi', 0, 0),
('3107100606', 'Dwi Lestari', '2007', 'Manajemen Informatika', 'pagi', 0, 0),
('3107100607', 'Novita Firdiawati', '2007', 'Manajemen Informatika', 'pagi', 0, 0),
('3107100608', 'Siti Mariyam', '2007', 'Manajemen Informatika', 'pagi', 0, 0),
('3107100609', 'Mohamad Zainul Arief', '2007', 'Manajemen Informatika', 'pagi', 0, 0),
('3107100610', 'Ricky Hermawan', '2007', 'Manajemen Informatika', 'pagi', 0, 0),
('3107100611', 'Yeyen Ari Sukma', '2007', 'Manajemen Informatika', 'pagi', 0, 0),
('3107100612', 'Lalu Muhammad Saleh', '2007', 'Manajemen Informatika', 'pagi', 0, 0),
('3107100613', 'Hairul Umam', '2007', 'Manajemen Informatika', 'pagi', 0, 0),
('3107100614', 'Brenda Thohar D. C.', '2007', 'Manajemen Informatika', 'pagi', 0, 0),
('3107100615', 'Akwam Andy Syamsuri', '2007', 'Manajemen Informatika', 'pagi', 0, 0),
('3107100616', 'Nurul Hidayat', '2007', 'Manajemen Informatika', 'pagi', 0, 0),
('3107100617', 'Ririn Puji Astuti', '2007', 'Manajemen Informatika', 'pagi', 0, 0),
('3107100618', 'Tri Indah Permatasari', '2007', 'Manajemen Informatika', 'pagi', 0, 0),
('3107100619', 'Raydise Putri Astrianda', '2007', 'Manajemen Informatika', 'pagi', 0, 0),
('3107100620', 'Hari Bangun Nuswantoro', '2007', 'Manajemen Informatika', 'pagi', 0, 0),
('3107100621', 'Merry Dwi Jayanti', '2007', 'Manajemen Informatika', 'pagi', 0, 0),
('3107100622', 'Ida Susiana', '2007', 'Manajemen Informatika', 'pagi', 0, 0),
('3107100623', 'Adam Fatkhiy', '2007', 'Manajemen Informatika', 'pagi', 0, 0),
('3107100624', 'Budi Hartono', '2007', 'Manajemen Informatika', 'pagi', 0, 0),
('3107100625', 'Yeni Kusumawati', '2007', 'Manajemen Informatika', 'pagi', 0, 0),
('3107100626', 'Dian Krisdianto', '2007', 'Manajemen Informatika', 'pagi', 0, 0),
('3107100627', 'Alfian Adinata', '2007', 'Manajemen Informatika', 'pagi', 0, 0),
('3107100628', 'Aditiya Ambarawardhana', '2007', 'Manajemen Informatika', 'pagi', 0, 0),
('3107100629', 'Novi Indah Wijayanti', '2007', 'Manajemen Informatika', 'pagi', 0, 0),
('3107100630', 'Yopi Heru Prayogi', '2007', 'Manajemen Informatika', 'pagi', 0, 0),
('3108000677', 'Miftahul Ulum', '2008', 'Manajemen Informatika', 'pagi', 0, 0),
('3108100615', '', '', '', 'pagi', 0, 0),
('3108100631', 'Ahmad Bahori', '2008', 'Manajemen Informatika', 'pagi', 0, 0),
('3108100632', 'Ana Maria Sofiana', '2008', 'Manajemen Informatika', 'pagi', 0, 0),
('3108100633', 'Andre Michael Hugo Meyer', '2008', 'Manajemen Informatika', 'pagi', 0, 0),
('3108100634', 'Ari Rizki Yusnitasari', '2008', 'Manajemen Informatika', 'pagi', 0, 0),
('3108100635', 'Arief Rachman', '2008', 'Manajemen Informatika', 'pagi', 0, 0),
('3108100636', 'Asri Nurlatiefah Utami', '2008', 'Manajemen Informatika', 'pagi', 0, 0),
('3108100637', 'Ayu Kartika Sari', '2008', 'Manajemen Informatika', 'pagi', 0, 0),
('3108100638', 'Bambang Sutikno', '2008', 'Manajemen Informatika', 'pagi', 0, 0),
('3108100639', 'Davian Indra Wijaya', '2008', 'Manajemen Informatika', 'pagi', 0, 0),
('3108100640', 'Dwi Pramono', '2008', 'Manajemen Informatika', 'pagi', 0, 0),
('3108100641', 'Dwi Septianita Wati', '2008', 'Manajemen Informatika', 'pagi', 0, 0),
('3108100642', 'Dwika Nurwangita', '2008', 'Manajemen Informatika', 'pagi', 0, 0),
('3108100643', 'Eka Retna Asih', '2008', 'Manajemen Informatika', 'pagi', 0, 0),
('3108100644', 'Eka Wulandari', '2008', 'Manajemen Informatika', 'pagi', 0, 0),
('3108100645', 'Eko Herdiyanto', '2008', 'Manajemen Informatika', 'pagi', 0, 0),
('3108100646', 'Eliza Wati', '2008', 'Manajemen Informatika', 'pagi', 0, 0),
('3108100647', 'Ernawati', '2008', 'Manajemen Informatika', 'pagi', 0, 0),
('3108100648', 'Farida Trisilawati', '2008', 'Manajemen Informatika', 'pagi', 0, 0),
('3108100649', 'Hendy Ahmad Habiby', '2008', 'Manajemen Informatika', 'pagi', 0, 0),
('3108100650', 'Heni Istriyaningsih', '2008', 'Manajemen Informatika', 'pagi', 0, 0),
('3108100651', 'Ike Stoviana Poetri', '2008', 'Manajemen Informatika', 'pagi', 0, 0),
('3108100652', 'Intan Wulandari', '2008', 'Manajemen Informatika', 'pagi', 0, 0),
('3108100653', 'Ivan Kurniawan', '2008', 'Manajemen Informatika', 'pagi', 0, 0),
('3108100654', 'Jufri Hafiki', '2008', 'Manajemen Informatika', 'pagi', 0, 0),
('3108100655', 'Lena Ari Agustin', '2008', 'Manajemen Informatika', 'pagi', 0, 0),
('3108100656', 'Moh Abdi Anshorullah', '2008', 'Manajemen Informatika', 'pagi', 0, 0),
('3108100657', 'Neidia Fatma Prasanti', '2008', 'Manajemen Informatika', 'pagi', 0, 0),
('3108100658', 'Novita Jayanti', '2008', 'Manajemen Informatika', 'pagi', 0, 0),
('3108100659', 'R Sulaeman Effendi', '2008', 'Manajemen Informatika', 'pagi', 0, 0),
('3108100660', 'Rohman', '2008', 'Manajemen Informatika', 'pagi', 0, 0),
('3108100661', 'Sholehudin', '2008', 'Manajemen Informatika', 'pagi', 0, 0),
('3108100662', 'Siti Nurliati', '2008', 'Manajemen Informatika', 'pagi', 0, 0),
('3108100663', 'Sugi Makmur Nanita ', '2008', 'Manajemen Informatika', 'pagi', 0, 0),
('3108100664', 'Sutra Kurniawati', '2008', 'Manajemen Informatika', 'pagi', 0, 0),
('3108100665', 'Tri Farida', '2008', 'Manajemen Informatika', 'pagi', 0, 0),
('3108100666', 'Wiwik Puspitasari', '2008', 'Manajemen Informatika', 'pagi', 0, 0),
('3108100667', 'Yudi Kurniawan', '2008', 'Manajemen Informatika', 'pagi', 0, 0),
('3108100668', 'Prakas Tian Valentino', '2008', 'Manajemen Informatika', 'pagi', 0, 0),
('3108100669', 'Friska Mayangsari', '2008', 'Manajemen Informatika', 'pagi', 0, 0),
('3108100670', 'Kamila', '2008', 'Manajemen Informatika', 'pagi', 0, 0),
('3108100671', 'Eny Suprapti', '2008', 'Manajemen Informatika', 'pagi', 0, 0),
('3108100672', 'Imelda Putri Febriana', '2008', 'Manajemen Informatika', 'pagi', 0, 0),
('3108100673', 'Firman Yulianto', '2008', 'Manajemen Informatika', 'pagi', 0, 0),
('3108100674', 'Kiki Pahlevi', '2008', 'Manajemen Informatika', 'pagi', 0, 0),
('3108100675', 'Andhi Jeksono', '2008', 'Manajemen Informatika', 'pagi', 0, 0),
('3108100676', 'Reni Hanggarani', '2008', 'Manajemen Informatika', 'pagi', 0, 0);
INSERT INTO `tblmhs` (`nim`, `nama`, `angkatan`, `jurusan`, `program`, `jumlah_mk`, `jumlah_isi`) VALUES
('3109000677', 'Abdul Hadi', '2009', 'Manajemen Informatika', 'pagi', 0, 0),
('3109100678', 'Cinta Utami P', '2009', 'Manajemen Informatika', 'pagi', 0, 0),
('3109100679', 'Sulaiman', '2009', 'Manajemen Informatika', 'pagi', 0, 0),
('3109100680', 'Andhika Maulana ', '2009', 'Manajemen Informatika', 'pagi', 0, 0),
('3109100681', 'Leonardo B.P', '2009', 'Manajemen Informatika', 'pagi', 0, 0),
('3109100682', 'Putri Agustin Widiati ', '2009', 'Manajemen Informatika', 'pagi', 0, 0),
('3109100683', 'Sintiya Fauzi', '2009', 'Manajemen Informatika', 'pagi', 0, 0),
('3109100684', 'Heri Yono', '2009', 'Manajemen Informatika', 'pagi', 0, 0),
('3109100685', 'Eva Dwi Nurlita', '2009', 'Manajemen Informatika', 'pagi', 0, 0),
('3109100686', 'Agus Sugiarto', '2009', 'Manajemen Informatika', 'pagi', 0, 0),
('3109100687', 'Erick Surya Mada', '2009', 'Manajemen Informatika', 'pagi', 0, 0),
('3109100688', 'Dina Fafiana', '2009', 'Manajemen Informatika', 'pagi', 0, 0),
('3109100689', 'Hefi Ermawati', '2009', 'Manajemen Informatika', 'pagi', 0, 0),
('3109100690', 'Ety Okta Suryani', '2009', 'Manajemen Informatika', 'pagi', 0, 0),
('3109100691', 'Asep Didin', '2009', 'Manajemen Informatika', 'pagi', 0, 0),
('3109100692', 'Atik Karlina', '2009', 'Manajemen Informatika', 'pagi', 0, 0),
('3109100693', 'Wahyu Fitria Apriliansyah ', '2009', 'Manajemen Informatika', 'pagi', 0, 0),
('3109100694', 'Titis Antisa', '2009', 'Manajemen Informatika', 'pagi', 0, 0),
('3109100695', 'Nur Siami', '2009', 'Manajemen Informatika', 'pagi', 0, 0),
('3109100696', 'Yuli Indrayana Mahardika', '2009', 'Manajemen Informatika', 'pagi', 0, 0),
('3109100697', 'Suprapti Anggraini', '2009', 'Manajemen Informatika', 'pagi', 0, 0),
('3109100698', 'Moch Amin Siddiq', '2009', 'Manajemen Informatika', 'pagi', 0, 0),
('3109100699', 'Dito Kurniyadi', '2009', 'Manajemen Informatika', 'pagi', 0, 0),
('3109100700', 'Fikri Agham Hakiki', '2009', 'Manajemen Informatika', 'pagi', 0, 0),
('3109100701', 'Dian Rahmawati ', '2009', 'Manajemen Informatika', 'pagi', 0, 0),
('3109100702', 'Septi Wulandari', '2009', 'Manajemen Informatika', 'pagi', 0, 0),
('3109100703', 'Hery Setiawan', '2009', 'Manajemen Informatika', 'pagi', 0, 0),
('3109100704', 'Patria Kusumajati', '2009', 'Manajemen Informatika', 'pagi', 0, 0),
('3109100705', 'Andy Himawan', '2009', 'Manajemen Informatika', 'pagi', 0, 0),
('3109100706', 'Siswanto', '2009', 'Manajemen Informatika', 'pagi', 0, 0),
('3109100707', 'M Nurudin', '2009', 'Manajemen Informatika', 'pagi', 0, 0),
('3109100708', 'Sudarmini', '2009', 'Manajemen Informatika', 'pagi', 0, 0),
('3109100709', 'Siti Widayati DL', '2009', 'Manajemen Informatika', 'pagi', 0, 0),
('3109100710', 'Ida Ratna Santi', '2009', 'Manajemen Informatika', 'pagi', 0, 0),
('3109100711', 'Tutik Pratama Yanti', '2009', 'Manajemen Informatika', 'pagi', 0, 0),
('3109100712', 'Vidia Endang I', '2009', 'Manajemen Informatika', 'pagi', 0, 0),
('3109100713', 'Sukron Makmun H', '2009', 'Manajemen Informatika', 'pagi', 0, 0),
('3109100714', 'Ibnu Salaf', '2009', 'Manajemen Informatika', 'pagi', 0, 0),
('3109100715', 'Lutfi Hakim', '2009', 'Manajemen Informatika', 'pagi', 0, 0),
('3109100716', 'Dian Rosida', '2009', 'Manajemen Informatika', 'pagi', 0, 0),
('3109100717', 'Moh Nuris Sofyan', '2009', 'Manajemen Informatika', 'pagi', 0, 0),
('3109100718', 'Rosfita Romadhani', '2009', 'Manajemen Informatika', 'pagi', 0, 0),
('3109100719', 'Dewi Purwati', '2009', 'Manajemen Informatika', 'pagi', 0, 0),
('3109100720', 'Erma Hidayati', '2009', 'Manajemen Informatika', 'pagi', 0, 0),
('3109100721', 'Anang Maruf', '2009', 'Manajemen Informatika', 'pagi', 0, 0),
('3109100722', 'Niersa Marga Sulistiyanto ', '2009', 'Manajemen Informatika', 'pagi', 0, 0),
('3109100723', 'Yuyun Susilawati', '2009', 'Manajemen Informatika', 'pagi', 0, 0),
('3109100724', 'Kukuh Budi Satrio', '2009', 'Manajemen Informatika', 'pagi', 0, 0),
('3109100725', 'Moh Syahril', '2009', 'Manajemen Informatika', 'pagi', 0, 0),
('3109100726', 'Rini Siti Rokaya', '2009', 'Manajemen Informatika', 'pagi', 0, 0),
('3109100727', 'Erwin Agus Sugianto', '2009', 'Manajemen Informatika', 'pagi', 0, 0),
('3109100728', 'Yunda Ardianingrum', '2009', 'Manajemen Informatika', 'pagi', 0, 0);

-- --------------------------------------------------------

--
-- Table structure for table `tblsoalipd`
--

CREATE TABLE IF NOT EXISTS `tblsoalipd` (
  `id` int(11) NOT NULL AUTO_INCREMENT,
  `soal` text NOT NULL,
  PRIMARY KEY (`id`)
) ENGINE=MyISAM  DEFAULT CHARSET=latin1 AUTO_INCREMENT=6 ;

--
-- Dumping data for table `tblsoalipd`
--

INSERT INTO `tblsoalipd` (`id`, `soal`) VALUES
(1, 'Apakah Dosen memaparkan kontrak kuliah di awal pertemuan?'),
(2, 'Apakah Dosen menguasai dan dapat menjelaskan dengan baik materi yang diajarkan pada saat kuliah berlangsung?'),
(3, 'Apakah Dosen menyajikan materi kuliah secara berurutan sesuai kontrak kuliah?'),
(4, 'Apakah cara Dosen mengajar dan metode evaluasi dapat meningkatkan minat belajar Mahasiswa?'),
(5, 'Apakah Dosen menggunakan rujukan perkuliahan yang jelas?');

/*!40101 SET CHARACTER_SET_CLIENT=@OLD_CHARACTER_SET_CLIENT */;
/*!40101 SET CHARACTER_SET_RESULTS=@OLD_CHARACTER_SET_RESULTS */;
/*!40101 SET COLLATION_CONNECTION=@OLD_COLLATION_CONNECTION */;
